#
# There is insufficient memory for the Java Runtime Environment to continue.
# Native memory allocation (mmap) failed to map 370147328 bytes for G1 virtual space
# Possible reasons:
#   The system is out of physical RAM or swap space
#   The process is running with CompressedOops enabled, and the Java Heap may be blocking the growth of the native heap
# Possible solutions:
#   Reduce memory load on the system
#   Increase physical memory or swap space
#   Check if swap backing store is full
#   Decrease Java heap size (-Xmx/-Xms)
#   Decrease number of Java threads
#   Decrease Java thread stack sizes (-Xss)
#   Set larger code cache with -XX:ReservedCodeCacheSize=
#   JVM is running with Unscaled Compressed Oops mode in which the Java heap is
#     placed in the first 4GB address space. The Java Heap base address is the
#     maximum limit for the native heap growth. Please use -XX:HeapBaseMinAddress
#     to set the Java Heap base and to place the Java Heap above 4GB virtual address.
# This output file may be truncated or incomplete.
#
#  Out of Memory Error (os_windows.cpp:3557), pid=20600, tid=712
#
# JRE version: OpenJDK Runtime Environment Temurin-17.0.6+10 (17.0.6+10) (build 17.0.6+10)
# Java VM: OpenJDK 64-Bit Server VM Temurin-17.0.6+10 (17.0.6+10, mixed mode, tiered, compressed oops, compressed class ptrs, g1 gc, windows-amd64)
# No core dump will be written. Minidumps are not enabled by default on client versions of Windows
#

---------------  S U M M A R Y ------------

Command Line: -Djavax.net.ssl.trustStoreType=WINDOWS-ROOT com.st.microxplorer.maingui.STM32CubeMX C:\gitproj_recter\recterBoard\recterfuel2\recterAdapter_and_master_test2.ioc

Host: 12th Gen Intel(R) Core(TM) i3-1215U, 8 cores, 7G,  Windows 11 , 64 bit Build 22621 (10.0.22621.4830)
Time: Fri Feb 14 17:51:13 2025 W. Central Africa Standard Time elapsed time: 56.725655 seconds (0d 0h 0m 56s)

---------------  T H R E A D  ---------------

Current thread (0x00000198b8e88b40):  VMThread "VM Thread" [stack: 0x00000073c0400000,0x00000073c0500000] [id=712]

Stack: [0x00000073c0400000,0x00000073c0500000]
Native frames: (J=compiled Java code, j=interpreted, Vv=VM code, C=native code)
V  [jvm.dll+0x67741a]
V  [jvm.dll+0x834434]
V  [jvm.dll+0x835bde]
V  [jvm.dll+0x836243]
V  [jvm.dll+0x2457b5]
V  [jvm.dll+0x674329]
V  [jvm.dll+0x6689da]
V  [jvm.dll+0x30489b]
V  [jvm.dll+0x30bd96]
V  [jvm.dll+0x35b57e]
V  [jvm.dll+0x35b7af]
V  [jvm.dll+0x2db778]
V  [jvm.dll+0x2d9a2c]
V  [jvm.dll+0x2d8ffc]
V  [jvm.dll+0x31cdcb]
V  [jvm.dll+0x83a6eb]
V  [jvm.dll+0x83b424]
V  [jvm.dll+0x83b93c]
V  [jvm.dll+0x83bd14]
V  [jvm.dll+0x83bde0]
V  [jvm.dll+0x7e483a]
V  [jvm.dll+0x6762c5]
C  [ucrtbase.dll+0x29333]
C  [KERNEL32.DLL+0x1259d]
C  [ntdll.dll+0x5af38]

VM_Operation (0x00000073c3efe2d0): G1CollectForAllocation, mode: safepoint, requested by thread 0x00000198be657d40


---------------  P R O C E S S  ---------------

Threads class SMR info:
_java_thread_list=0x00000198c0928580, length=34, elements={
0x00000198b9836260, 0x00000198b8ec30e0, 0x00000198b98626f0, 0x00000198b98630a0,
0x00000198b9863a50, 0x00000198b9864400, 0x00000198b987bdc0, 0x00000198b987c6c0,
0x00000198b987f7b0, 0x00000198b99e2290, 0x00000198b99f3d10, 0x00000198ba39f3c0,
0x00000198bb125070, 0x00000198bb125950, 0x00000198bb57cff0, 0x00000198bb6a6350,
0x00000198be656530, 0x00000198be658bb0, 0x00000198be659080, 0x00000198be659550,
0x00000198bb6a4b40, 0x00000198bbf39570, 0x00000198bbf34d40, 0x00000198bbf38700,
0x00000198bbf39a40, 0x00000198bbf356e0, 0x00000198bbf33ed0, 0x00000198bbf34870,
0x00000198bbf33a00, 0x00000198bbf36080, 0x00000198bbf343a0, 0x00000198bbf3a3e0,
0x00000198be657d40, 0x00000198bb6a5010
}

Java Threads: ( => current thread )
  0x00000198b9836260 JavaThread "Reference Handler" daemon [_thread_blocked, id=22036, stack(0x00000073c0500000,0x00000073c0600000)]
  0x00000198b8ec30e0 JavaThread "Finalizer" daemon [_thread_blocked, id=21040, stack(0x00000073c0600000,0x00000073c0700000)]
  0x00000198b98626f0 JavaThread "Signal Dispatcher" daemon [_thread_blocked, id=20168, stack(0x00000073c0700000,0x00000073c0800000)]
  0x00000198b98630a0 JavaThread "Attach Listener" daemon [_thread_blocked, id=7092, stack(0x00000073c0800000,0x00000073c0900000)]
  0x00000198b9863a50 JavaThread "Service Thread" daemon [_thread_blocked, id=13160, stack(0x00000073c0900000,0x00000073c0a00000)]
  0x00000198b9864400 JavaThread "Monitor Deflation Thread" daemon [_thread_blocked, id=13468, stack(0x00000073c0a00000,0x00000073c0b00000)]
  0x00000198b987bdc0 JavaThread "C2 CompilerThread0" daemon [_thread_blocked, id=18292, stack(0x00000073c0b00000,0x00000073c0c00000)]
  0x00000198b987c6c0 JavaThread "C1 CompilerThread0" daemon [_thread_blocked, id=11524, stack(0x00000073c0c00000,0x00000073c0d00000)]
  0x00000198b987f7b0 JavaThread "Sweeper thread" daemon [_thread_blocked, id=13748, stack(0x00000073c0d00000,0x00000073c0e00000)]
  0x00000198b99e2290 JavaThread "Notification Thread" daemon [_thread_blocked, id=7084, stack(0x00000073c0e00000,0x00000073c0f00000)]
  0x00000198b99f3d10 JavaThread "Common-Cleaner" daemon [_thread_blocked, id=19640, stack(0x00000073c1000000,0x00000073c1100000)]
  0x00000198ba39f3c0 JavaThread "Java2D Disposer" daemon [_thread_blocked, id=7144, stack(0x00000073c1900000,0x00000073c1a00000)]
  0x00000198bb125070 JavaThread "AWT-Shutdown" [_thread_blocked, id=22268, stack(0x00000073c1a00000,0x00000073c1b00000)]
  0x00000198bb125950 JavaThread "AWT-Windows" daemon [_thread_blocked, id=2624, stack(0x00000073c1b00000,0x00000073c1c00000)]
  0x00000198bb57cff0 JavaThread "AWT-EventQueue-0" [_thread_blocked, id=7380, stack(0x00000073c1d00000,0x00000073c1e00000)]
  0x00000198bb6a6350 JavaThread "DestroyJavaVM" [_thread_blocked, id=20052, stack(0x00000073bfe00000,0x00000073bff00000)]
  0x00000198be656530 JavaThread "TimerQueue" daemon [_thread_blocked, id=5404, stack(0x00000073c2300000,0x00000073c2400000)]
  0x00000198be658bb0 JavaThread "IPC Server Thread" daemon [_thread_in_native, id=4804, stack(0x00000073c2000000,0x00000073c2100000)]
  0x00000198be659080 JavaThread "Chromium Process Thread" [_thread_in_native, id=13324, stack(0x00000073c2500000,0x00000073c2600000)]
  0x00000198be659550 JavaThread "Chromium Process Logger" daemon [_thread_in_native, id=20136, stack(0x00000073c2c00000,0x00000073c2d00000)]
  0x00000198bb6a4b40 JavaThread "IPC Memory Reader Thread" [_thread_in_native, id=13796, stack(0x00000073c2e00000,0x00000073c2f00000)]
  0x00000198bbf39570 JavaThread "Browser Thread: 9d4b377a-0f97-426d-9704-0186f17653df" daemon [_thread_blocked, id=9364, stack(0x00000073c2f00000,0x00000073c3000000)]
  0x00000198bbf34d40 JavaThread "Socket Connection Checker: 9d4b377a-0f97-426d-9704-0186f17653df" [_thread_in_native, id=720, stack(0x00000073c1f00000,0x00000073c2000000)]
  0x00000198bbf38700 JavaThread "GPU Thread: 23321a01-411b-407d-854d-874a354331b2" daemon [_thread_blocked, id=5428, stack(0x00000073c3200000,0x00000073c3300000)]
  0x00000198bbf39a40 JavaThread "IPC Memory Reader Thread" [_thread_in_native, id=3760, stack(0x00000073c3100000,0x00000073c3200000)]
  0x00000198bbf356e0 JavaThread "Socket Connection Checker: 23321a01-411b-407d-854d-874a354331b2" [_thread_in_native, id=6124, stack(0x00000073c3300000,0x00000073c3400000)]
  0x00000198bbf33ed0 JavaThread "Render Thread: 4c996a58-ec78-4f7b-ae86-7137fde8d753" daemon [_thread_blocked, id=16068, stack(0x00000073c3500000,0x00000073c3600000)]
  0x00000198bbf34870 JavaThread "IPC Memory Reader Thread" [_thread_in_native, id=10208, stack(0x00000073c3400000,0x00000073c3500000)]
  0x00000198bbf33a00 JavaThread "Socket Connection Checker: 4c996a58-ec78-4f7b-ae86-7137fde8d753" [_thread_in_native, id=16912, stack(0x00000073c3600000,0x00000073c3700000)]
  0x00000198bbf36080 JavaThread "SwingWorker-pool-3-thread-1" daemon [_thread_blocked, id=7344, stack(0x00000073c2200000,0x00000073c2300000)]
  0x00000198bbf343a0 JavaThread "Browser Widget Thread" [_thread_blocked, id=14084, stack(0x00000073c1e00000,0x00000073c1f00000)]
  0x00000198bbf3a3e0 JavaThread "SwingWorker-pool-3-thread-2" daemon [_thread_blocked, id=11892, stack(0x00000073c3700000,0x00000073c3800000)]
  0x00000198be657d40 JavaThread "Thread-2404" [_thread_blocked, id=15556, stack(0x00000073c3e00000,0x00000073c3f00000)]
  0x00000198bb6a5010 JavaThread "Keep-Alive-Timer" daemon [_thread_blocked, id=12172, stack(0x00000073c4000000,0x00000073c4100000)]

Other Threads:
=>0x00000198b8e88b40 VMThread "VM Thread" [stack: 0x00000073c0400000,0x00000073c0500000] [id=712]
  0x00000198b99e6780 WatcherThread [stack: 0x00000073c0f00000,0x00000073c1000000] [id=7764]
  0x000001989a648680 GCTaskThread "GC Thread#0" [stack: 0x00000073bff00000,0x00000073c0000000] [id=13916]
  0x00000198b9fc8310 GCTaskThread "GC Thread#1" [stack: 0x00000073c1200000,0x00000073c1300000] [id=9208]
  0x00000198ba2f6f20 GCTaskThread "GC Thread#2" [stack: 0x00000073c1300000,0x00000073c1400000] [id=6352]
  0x00000198ba2c0ad0 GCTaskThread "GC Thread#3" [stack: 0x00000073c1400000,0x00000073c1500000] [id=21672]
  0x00000198ba2c1190 GCTaskThread "GC Thread#4" [stack: 0x00000073c1500000,0x00000073c1600000] [id=21584]
  0x00000198ba2c1c50 GCTaskThread "GC Thread#5" [stack: 0x00000073c1600000,0x00000073c1700000] [id=13212]
  0x00000198ba2c3f10 GCTaskThread "GC Thread#6" [stack: 0x00000073c1700000,0x00000073c1800000] [id=13340]
  0x00000198ba2c41c0 GCTaskThread "GC Thread#7" [stack: 0x00000073c1800000,0x00000073c1900000] [id=8376]
  0x000001989a659320 ConcurrentGCThread "G1 Main Marker" [stack: 0x00000073c0000000,0x00000073c0100000] [id=17032]
  0x000001989a65a1a0 ConcurrentGCThread "G1 Conc#0" [stack: 0x00000073c0100000,0x00000073c0200000] [id=11476]
  0x00000198bb166e20 ConcurrentGCThread "G1 Conc#1" [stack: 0x00000073c1c00000,0x00000073c1d00000] [id=7220]
  0x000001989a68e750 ConcurrentGCThread "G1 Refine#0" [stack: 0x00000073c0200000,0x00000073c0300000] [id=13144]
  0x00000198beff5610 ConcurrentGCThread "G1 Refine#1" [stack: 0x00000073c2b00000,0x00000073c2c00000] [id=13096]
  0x00000198beff6d10 ConcurrentGCThread "G1 Refine#2" [stack: 0x00000073c3900000,0x00000073c3a00000] [id=20668]
  0x00000198beff6190 ConcurrentGCThread "G1 Refine#3" [stack: 0x00000073c3a00000,0x00000073c3b00000] [id=17056]
  0x00000198beff6a30 ConcurrentGCThread "G1 Refine#4" [stack: 0x00000073c3b00000,0x00000073c3c00000] [id=18640]
  0x00000198beff6ff0 ConcurrentGCThread "G1 Refine#5" [stack: 0x00000073c3c00000,0x00000073c3d00000] [id=19568]
  0x00000198c283dd70 ConcurrentGCThread "G1 Refine#6" [stack: 0x00000073c3d00000,0x00000073c3e00000] [id=19220]
  0x00000198c283da90 ConcurrentGCThread "G1 Refine#7" [stack: 0x00000073c3f00000,0x00000073c4000000] [id=19516]
  0x00000198b8d183a0 ConcurrentGCThread "G1 Service" [stack: 0x00000073c0300000,0x00000073c0400000] [id=20452]

Threads with active compile tasks:
C2 CompilerThread0    56748 15366       4       java.lang.StackStreamFactory$StackFrameTraverser::tryAdvance (114 bytes)
C1 CompilerThread0    56748 15368       3       org.apache.xerces.impl.XMLScanner::init (23 bytes)

VM state: at safepoint (normal execution)

VM Mutex/Monitor currently owned by a thread:  ([mutex/lock_event])
[0x000001989a5eb780] Threads_lock - owner thread: 0x00000198b8e88b40
[0x000001989a5ebae0] Heap_lock - owner thread: 0x00000198be657d40

Heap address: 0x0000000085200000, size: 1966 MB, Compressed Oops mode: 32-bit

CDS archive(s) not mapped
Compressed class space mapped at: 0x0000000100000000-0x0000000140000000, reserved size: 1073741824
Narrow klass base: 0x0000000000000000, Narrow klass shift: 3, Narrow klass range: 0x140000000

GC Precious Log:
 CPUs: 8 total, 8 available
 Memory: 7863M
 Large Page Support: Disabled
 NUMA Support: Disabled
 Compressed Oops: Enabled (32-bit)
 Heap Region Size: 1M
 Heap Min Capacity: 8M
 Heap Initial Capacity: 124M
 Heap Max Capacity: 1966M
 Pre-touch: Disabled
 Parallel Workers: 8
 Concurrent Workers: 2
 Concurrent Refinement Workers: 8
 Periodic GC: Disabled

Heap:
 garbage-first heap   total 514048K, used 380928K [0x0000000085200000, 0x0000000100000000)
  region size 1024K, 8 young (8192K), 8 survivors (8192K)
 Metaspace       used 104129K, committed 105408K, reserved 1146880K
  class space    used 11723K, committed 12352K, reserved 1048576K

Heap Regions: E=young(eden), S=young(survivor), O=old, HS=humongous(starts), HC=humongous(continues), CS=collection set, F=free, OA=open archive, CA=closed archive, TAMS=top-at-mark-start (previous, next)
|   0|0x0000000085200000, 0x0000000085300000, 0x0000000085300000|100%|HS|  |TAMS 0x0000000085300000, 0x0000000085200000| Complete 
|   1|0x0000000085300000, 0x0000000085400000, 0x0000000085400000|100%|HC|  |TAMS 0x0000000085400000, 0x0000000085300000| Complete 
|   2|0x0000000085400000, 0x0000000085500000, 0x0000000085500000|100%|HC|  |TAMS 0x0000000085500000, 0x0000000085400000| Complete 
|   3|0x0000000085500000, 0x0000000085600000, 0x0000000085600000|100%|HC|  |TAMS 0x0000000085600000, 0x0000000085500000| Complete 
|   4|0x0000000085600000, 0x0000000085700000, 0x0000000085700000|100%|HC|  |TAMS 0x0000000085700000, 0x0000000085600000| Complete 
|   5|0x0000000085700000, 0x0000000085800000, 0x0000000085800000|100%| O|  |TAMS 0x0000000085800000, 0x0000000085700000| Untracked 
|   6|0x0000000085800000, 0x0000000085900000, 0x0000000085900000|100%| O|  |TAMS 0x0000000085900000, 0x0000000085800000| Untracked 
|   7|0x0000000085900000, 0x0000000085a00000, 0x0000000085a00000|100%|HS|  |TAMS 0x0000000085a00000, 0x0000000085900000| Complete 
|   8|0x0000000085a00000, 0x0000000085b00000, 0x0000000085b00000|100%| O|  |TAMS 0x0000000085b00000, 0x0000000085a00000| Untracked 
|   9|0x0000000085b00000, 0x0000000085c00000, 0x0000000085c00000|100%| O|  |TAMS 0x0000000085c00000, 0x0000000085b00000| Untracked 
|  10|0x0000000085c00000, 0x0000000085d00000, 0x0000000085d00000|100%| O|  |TAMS 0x0000000085d00000, 0x0000000085c00000| Untracked 
|  11|0x0000000085d00000, 0x0000000085e00000, 0x0000000085e00000|100%| O|  |TAMS 0x0000000085e00000, 0x0000000085d00000| Untracked 
|  12|0x0000000085e00000, 0x0000000085f00000, 0x0000000085f00000|100%| O|  |TAMS 0x0000000085f00000, 0x0000000085e00000| Untracked 
|  13|0x0000000085f00000, 0x0000000086000000, 0x0000000086000000|100%| O|  |TAMS 0x0000000086000000, 0x0000000085f00000| Untracked 
|  14|0x0000000086000000, 0x0000000086100000, 0x0000000086100000|100%|HS|  |TAMS 0x0000000086100000, 0x0000000086000000| Complete 
|  15|0x0000000086100000, 0x0000000086200000, 0x0000000086200000|100%| O|  |TAMS 0x0000000086200000, 0x0000000086100000| Untracked 
|  16|0x0000000086200000, 0x0000000086300000, 0x0000000086300000|100%| O|  |TAMS 0x0000000086300000, 0x0000000086200000| Untracked 
|  17|0x0000000086300000, 0x0000000086400000, 0x0000000086400000|100%| O|  |TAMS 0x0000000086400000, 0x0000000086300000| Untracked 
|  18|0x0000000086400000, 0x0000000086500000, 0x0000000086500000|100%| O|  |TAMS 0x0000000086500000, 0x0000000086400000| Untracked 
|  19|0x0000000086500000, 0x0000000086600000, 0x0000000086600000|100%| O|  |TAMS 0x0000000086600000, 0x0000000086500000| Untracked 
|  20|0x0000000086600000, 0x0000000086700000, 0x0000000086700000|100%| O|  |TAMS 0x0000000086700000, 0x0000000086600000| Untracked 
|  21|0x0000000086700000, 0x0000000086800000, 0x0000000086800000|100%| O|  |TAMS 0x0000000086800000, 0x0000000086700000| Untracked 
|  22|0x0000000086800000, 0x0000000086900000, 0x0000000086900000|100%|HS|  |TAMS 0x0000000086900000, 0x0000000086800000| Complete 
|  23|0x0000000086900000, 0x0000000086a00000, 0x0000000086a00000|100%|HC|  |TAMS 0x0000000086a00000, 0x0000000086900000| Complete 
|  24|0x0000000086a00000, 0x0000000086b00000, 0x0000000086b00000|100%| O|  |TAMS 0x0000000086b00000, 0x0000000086a00000| Untracked 
|  25|0x0000000086b00000, 0x0000000086c00000, 0x0000000086c00000|100%| O|  |TAMS 0x0000000086c00000, 0x0000000086b00000| Untracked 
|  26|0x0000000086c00000, 0x0000000086d00000, 0x0000000086d00000|100%| O|  |TAMS 0x0000000086d00000, 0x0000000086c00000| Untracked 
|  27|0x0000000086d00000, 0x0000000086e00000, 0x0000000086e00000|100%| O|  |TAMS 0x0000000086e00000, 0x0000000086d00000| Untracked 
|  28|0x0000000086e00000, 0x0000000086f00000, 0x0000000086f00000|100%| O|  |TAMS 0x0000000086f00000, 0x0000000086e00000| Untracked 
|  29|0x0000000086f00000, 0x0000000087000000, 0x0000000087000000|100%| O|  |TAMS 0x0000000087000000, 0x0000000086f00000| Untracked 
|  30|0x0000000087000000, 0x0000000087100000, 0x0000000087100000|100%| O|  |TAMS 0x0000000087100000, 0x0000000087000000| Untracked 
|  31|0x0000000087100000, 0x0000000087200000, 0x0000000087200000|100%| O|  |TAMS 0x0000000087200000, 0x0000000087100000| Untracked 
|  32|0x0000000087200000, 0x0000000087300000, 0x0000000087300000|100%| O|  |TAMS 0x0000000087300000, 0x0000000087200000| Untracked 
|  33|0x0000000087300000, 0x0000000087400000, 0x0000000087400000|100%| O|  |TAMS 0x0000000087400000, 0x0000000087300000| Untracked 
|  34|0x0000000087400000, 0x0000000087500000, 0x0000000087500000|100%|HS|  |TAMS 0x0000000087500000, 0x0000000087400000| Complete 
|  35|0x0000000087500000, 0x0000000087600000, 0x0000000087600000|100%|HC|  |TAMS 0x0000000087600000, 0x0000000087500000| Complete 
|  36|0x0000000087600000, 0x0000000087700000, 0x0000000087700000|100%|HS|  |TAMS 0x0000000087700000, 0x0000000087600000| Complete 
|  37|0x0000000087700000, 0x0000000087800000, 0x0000000087800000|100%|HC|  |TAMS 0x0000000087800000, 0x0000000087700000| Complete 
|  38|0x0000000087800000, 0x0000000087900000, 0x0000000087900000|100%|HC|  |TAMS 0x0000000087900000, 0x0000000087800000| Complete 
|  39|0x0000000087900000, 0x0000000087a00000, 0x0000000087a00000|100%| O|  |TAMS 0x0000000087a00000, 0x0000000087900000| Untracked 
|  40|0x0000000087a00000, 0x0000000087b00000, 0x0000000087b00000|100%| O|  |TAMS 0x0000000087b00000, 0x0000000087a00000| Untracked 
|  41|0x0000000087b00000, 0x0000000087c00000, 0x0000000087c00000|100%|HS|  |TAMS 0x0000000087c00000, 0x0000000087b00000| Complete 
|  42|0x0000000087c00000, 0x0000000087d00000, 0x0000000087d00000|100%|HC|  |TAMS 0x0000000087d00000, 0x0000000087c00000| Complete 
|  43|0x0000000087d00000, 0x0000000087e00000, 0x0000000087e00000|100%|HC|  |TAMS 0x0000000087e00000, 0x0000000087d00000| Complete 
|  44|0x0000000087e00000, 0x0000000087f00000, 0x0000000087f00000|100%|HS|  |TAMS 0x0000000087f00000, 0x0000000087e00000| Complete 
|  45|0x0000000087f00000, 0x0000000088000000, 0x0000000088000000|100%|HC|  |TAMS 0x0000000088000000, 0x0000000087f00000| Complete 
|  46|0x0000000088000000, 0x0000000088100000, 0x0000000088100000|100%|HC|  |TAMS 0x0000000088100000, 0x0000000088000000| Complete 
|  47|0x0000000088100000, 0x0000000088200000, 0x0000000088200000|100%|HS|  |TAMS 0x0000000088200000, 0x0000000088100000| Complete 
|  48|0x0000000088200000, 0x0000000088300000, 0x0000000088300000|100%|HC|  |TAMS 0x0000000088300000, 0x0000000088200000| Complete 
|  49|0x0000000088300000, 0x0000000088400000, 0x0000000088400000|100%|HC|  |TAMS 0x0000000088400000, 0x0000000088300000| Complete 
|  50|0x0000000088400000, 0x0000000088500000, 0x0000000088500000|100%|HS|  |TAMS 0x0000000088500000, 0x0000000088400000| Complete 
|  51|0x0000000088500000, 0x0000000088600000, 0x0000000088600000|100%|HC|  |TAMS 0x0000000088600000, 0x0000000088500000| Complete 
|  52|0x0000000088600000, 0x0000000088700000, 0x0000000088700000|100%|HC|  |TAMS 0x0000000088700000, 0x0000000088600000| Complete 
|  53|0x0000000088700000, 0x0000000088800000, 0x0000000088800000|100%|HS|  |TAMS 0x0000000088800000, 0x0000000088700000| Complete 
|  54|0x0000000088800000, 0x0000000088900000, 0x0000000088900000|100%|HC|  |TAMS 0x0000000088900000, 0x0000000088800000| Complete 
|  55|0x0000000088900000, 0x0000000088a00000, 0x0000000088a00000|100%|HC|  |TAMS 0x0000000088a00000, 0x0000000088900000| Complete 
|  56|0x0000000088a00000, 0x0000000088b00000, 0x0000000088b00000|100%|HC|  |TAMS 0x0000000088b00000, 0x0000000088a00000| Complete 
|  57|0x0000000088b00000, 0x0000000088c00000, 0x0000000088c00000|100%|HS|  |TAMS 0x0000000088c00000, 0x0000000088b00000| Complete 
|  58|0x0000000088c00000, 0x0000000088d00000, 0x0000000088d00000|100%|HC|  |TAMS 0x0000000088d00000, 0x0000000088c00000| Complete 
|  59|0x0000000088d00000, 0x0000000088e00000, 0x0000000088e00000|100%|HC|  |TAMS 0x0000000088e00000, 0x0000000088d00000| Complete 
|  60|0x0000000088e00000, 0x0000000088f00000, 0x0000000088f00000|100%|HC|  |TAMS 0x0000000088f00000, 0x0000000088e00000| Complete 
|  61|0x0000000088f00000, 0x0000000089000000, 0x0000000089000000|100%|HS|  |TAMS 0x0000000089000000, 0x0000000088f00000| Complete 
|  62|0x0000000089000000, 0x0000000089100000, 0x0000000089100000|100%|HC|  |TAMS 0x0000000089100000, 0x0000000089000000| Complete 
|  63|0x0000000089100000, 0x0000000089200000, 0x0000000089200000|100%|HC|  |TAMS 0x0000000089200000, 0x0000000089100000| Complete 
|  64|0x0000000089200000, 0x0000000089300000, 0x0000000089300000|100%|HC|  |TAMS 0x0000000089300000, 0x0000000089200000| Complete 
|  65|0x0000000089300000, 0x0000000089400000, 0x0000000089400000|100%|HS|  |TAMS 0x0000000089400000, 0x0000000089300000| Complete 
|  66|0x0000000089400000, 0x0000000089500000, 0x0000000089500000|100%|HC|  |TAMS 0x0000000089500000, 0x0000000089400000| Complete 
|  67|0x0000000089500000, 0x0000000089600000, 0x0000000089600000|100%|HC|  |TAMS 0x0000000089600000, 0x0000000089500000| Complete 
|  68|0x0000000089600000, 0x0000000089700000, 0x0000000089700000|100%|HC|  |TAMS 0x0000000089700000, 0x0000000089600000| Complete 
|  69|0x0000000089700000, 0x0000000089800000, 0x0000000089800000|100%|HS|  |TAMS 0x0000000089800000, 0x0000000089700000| Complete 
|  70|0x0000000089800000, 0x0000000089900000, 0x0000000089900000|100%|HC|  |TAMS 0x0000000089900000, 0x0000000089800000| Complete 
|  71|0x0000000089900000, 0x0000000089a00000, 0x0000000089a00000|100%|HC|  |TAMS 0x0000000089a00000, 0x0000000089900000| Complete 
|  72|0x0000000089a00000, 0x0000000089b00000, 0x0000000089b00000|100%|HC|  |TAMS 0x0000000089b00000, 0x0000000089a00000| Complete 
|  73|0x0000000089b00000, 0x0000000089c00000, 0x0000000089c00000|100%| O|  |TAMS 0x0000000089c00000, 0x0000000089b00000| Untracked 
|  74|0x0000000089c00000, 0x0000000089d00000, 0x0000000089d00000|100%| O|  |TAMS 0x0000000089d00000, 0x0000000089c00000| Untracked 
|  75|0x0000000089d00000, 0x0000000089e00000, 0x0000000089e00000|100%| O|  |TAMS 0x0000000089e00000, 0x0000000089d00000| Untracked 
|  76|0x0000000089e00000, 0x0000000089f00000, 0x0000000089f00000|100%| O|  |TAMS 0x0000000089f00000, 0x0000000089e00000| Untracked 
|  77|0x0000000089f00000, 0x000000008a000000, 0x000000008a000000|100%| O|  |TAMS 0x000000008a000000, 0x0000000089f00000| Untracked 
|  78|0x000000008a000000, 0x000000008a100000, 0x000000008a100000|100%| O|  |TAMS 0x000000008a100000, 0x000000008a000000| Untracked 
|  79|0x000000008a100000, 0x000000008a200000, 0x000000008a200000|100%| O|  |TAMS 0x000000008a200000, 0x000000008a100000| Untracked 
|  80|0x000000008a200000, 0x000000008a300000, 0x000000008a300000|100%| O|  |TAMS 0x000000008a300000, 0x000000008a200000| Untracked 
|  81|0x000000008a300000, 0x000000008a400000, 0x000000008a400000|100%| O|  |TAMS 0x000000008a400000, 0x000000008a300000| Untracked 
|  82|0x000000008a400000, 0x000000008a500000, 0x000000008a500000|100%| O|  |TAMS 0x000000008a500000, 0x000000008a400000| Untracked 
|  83|0x000000008a500000, 0x000000008a600000, 0x000000008a600000|100%| O|  |TAMS 0x000000008a600000, 0x000000008a500000| Untracked 
|  84|0x000000008a600000, 0x000000008a700000, 0x000000008a700000|100%| O|  |TAMS 0x000000008a700000, 0x000000008a600000| Untracked 
|  85|0x000000008a700000, 0x000000008a800000, 0x000000008a800000|100%| O|  |TAMS 0x000000008a800000, 0x000000008a700000| Untracked 
|  86|0x000000008a800000, 0x000000008a900000, 0x000000008a900000|100%| O|  |TAMS 0x000000008a900000, 0x000000008a800000| Untracked 
|  87|0x000000008a900000, 0x000000008aa00000, 0x000000008aa00000|100%| O|  |TAMS 0x000000008aa00000, 0x000000008a900000| Untracked 
|  88|0x000000008aa00000, 0x000000008ab00000, 0x000000008ab00000|100%| O|  |TAMS 0x000000008ab00000, 0x000000008aa00000| Untracked 
|  89|0x000000008ab00000, 0x000000008ac00000, 0x000000008ac00000|100%| O|  |TAMS 0x000000008ac00000, 0x000000008ab00000| Untracked 
|  90|0x000000008ac00000, 0x000000008ad00000, 0x000000008ad00000|100%| O|  |TAMS 0x000000008ad00000, 0x000000008ac00000| Untracked 
|  91|0x000000008ad00000, 0x000000008ae00000, 0x000000008ae00000|100%| O|  |TAMS 0x000000008ae00000, 0x000000008ad00000| Untracked 
|  92|0x000000008ae00000, 0x000000008af00000, 0x000000008af00000|100%| O|  |TAMS 0x000000008af00000, 0x000000008ae00000| Untracked 
|  93|0x000000008af00000, 0x000000008b000000, 0x000000008b000000|100%| O|  |TAMS 0x000000008b000000, 0x000000008af00000| Untracked 
|  94|0x000000008b000000, 0x000000008b100000, 0x000000008b100000|100%| O|  |TAMS 0x000000008b100000, 0x000000008b000000| Untracked 
|  95|0x000000008b100000, 0x000000008b200000, 0x000000008b200000|100%| O|  |TAMS 0x000000008b200000, 0x000000008b100000| Untracked 
|  96|0x000000008b200000, 0x000000008b300000, 0x000000008b300000|100%| O|  |TAMS 0x000000008b300000, 0x000000008b200000| Untracked 
|  97|0x000000008b300000, 0x000000008b400000, 0x000000008b400000|100%| O|  |TAMS 0x000000008b400000, 0x000000008b300000| Untracked 
|  98|0x000000008b400000, 0x000000008b500000, 0x000000008b500000|100%| O|  |TAMS 0x000000008b500000, 0x000000008b400000| Untracked 
|  99|0x000000008b500000, 0x000000008b600000, 0x000000008b600000|100%| O|  |TAMS 0x000000008b600000, 0x000000008b500000| Untracked 
| 100|0x000000008b600000, 0x000000008b700000, 0x000000008b700000|100%| O|  |TAMS 0x000000008b700000, 0x000000008b600000| Untracked 
| 101|0x000000008b700000, 0x000000008b800000, 0x000000008b800000|100%| O|  |TAMS 0x000000008b800000, 0x000000008b700000| Untracked 
| 102|0x000000008b800000, 0x000000008b900000, 0x000000008b900000|100%| O|  |TAMS 0x000000008b900000, 0x000000008b800000| Untracked 
| 103|0x000000008b900000, 0x000000008ba00000, 0x000000008ba00000|100%| O|  |TAMS 0x000000008ba00000, 0x000000008b900000| Untracked 
| 104|0x000000008ba00000, 0x000000008bb00000, 0x000000008bb00000|100%| O|  |TAMS 0x000000008bb00000, 0x000000008ba00000| Untracked 
| 105|0x000000008bb00000, 0x000000008bc00000, 0x000000008bc00000|100%| O|  |TAMS 0x000000008bc00000, 0x000000008bb00000| Untracked 
| 106|0x000000008bc00000, 0x000000008bd00000, 0x000000008bd00000|100%| O|  |TAMS 0x000000008bd00000, 0x000000008bc00000| Untracked 
| 107|0x000000008bd00000, 0x000000008be00000, 0x000000008be00000|100%| O|  |TAMS 0x000000008be00000, 0x000000008bd00000| Untracked 
| 108|0x000000008be00000, 0x000000008bf00000, 0x000000008bf00000|100%| O|  |TAMS 0x000000008bf00000, 0x000000008be00000| Untracked 
| 109|0x000000008bf00000, 0x000000008c000000, 0x000000008c000000|100%| O|  |TAMS 0x000000008c000000, 0x000000008bf00000| Untracked 
| 110|0x000000008c000000, 0x000000008c100000, 0x000000008c100000|100%|HS|  |TAMS 0x000000008c100000, 0x000000008c000000| Complete 
| 111|0x000000008c100000, 0x000000008c200000, 0x000000008c200000|100%|HC|  |TAMS 0x000000008c200000, 0x000000008c100000| Complete 
| 112|0x000000008c200000, 0x000000008c300000, 0x000000008c300000|100%|HC|  |TAMS 0x000000008c300000, 0x000000008c200000| Complete 
| 113|0x000000008c300000, 0x000000008c400000, 0x000000008c400000|100%| O|  |TAMS 0x000000008c400000, 0x000000008c300000| Untracked 
| 114|0x000000008c400000, 0x000000008c500000, 0x000000008c500000|100%| O|  |TAMS 0x000000008c500000, 0x000000008c400000| Untracked 
| 115|0x000000008c500000, 0x000000008c600000, 0x000000008c600000|100%| O|  |TAMS 0x000000008c600000, 0x000000008c500000| Untracked 
| 116|0x000000008c600000, 0x000000008c700000, 0x000000008c700000|100%| O|  |TAMS 0x000000008c700000, 0x000000008c600000| Untracked 
| 117|0x000000008c700000, 0x000000008c800000, 0x000000008c800000|100%| O|  |TAMS 0x000000008c800000, 0x000000008c700000| Untracked 
| 118|0x000000008c800000, 0x000000008c900000, 0x000000008c900000|100%| O|  |TAMS 0x000000008c900000, 0x000000008c800000| Untracked 
| 119|0x000000008c900000, 0x000000008ca00000, 0x000000008ca00000|100%| O|  |TAMS 0x000000008ca00000, 0x000000008c900000| Untracked 
| 120|0x000000008ca00000, 0x000000008cb00000, 0x000000008cb00000|100%| O|  |TAMS 0x000000008cb00000, 0x000000008ca00000| Untracked 
| 121|0x000000008cb00000, 0x000000008cc00000, 0x000000008cc00000|100%| O|  |TAMS 0x000000008cc00000, 0x000000008cb00000| Untracked 
| 122|0x000000008cc00000, 0x000000008cd00000, 0x000000008cd00000|100%| O|  |TAMS 0x000000008cd00000, 0x000000008cc00000| Untracked 
| 123|0x000000008cd00000, 0x000000008ce00000, 0x000000008ce00000|100%| O|  |TAMS 0x000000008ce00000, 0x000000008cd00000| Untracked 
| 124|0x000000008ce00000, 0x000000008cf00000, 0x000000008cf00000|100%| O|  |TAMS 0x000000008cf00000, 0x000000008ce00000| Untracked 
| 125|0x000000008cf00000, 0x000000008d000000, 0x000000008d000000|100%| O|  |TAMS 0x000000008d000000, 0x000000008cf00000| Untracked 
| 126|0x000000008d000000, 0x000000008d100000, 0x000000008d100000|100%| O|  |TAMS 0x000000008d100000, 0x000000008d000000| Untracked 
| 127|0x000000008d100000, 0x000000008d200000, 0x000000008d200000|100%|HS|  |TAMS 0x000000008d200000, 0x000000008d100000| Complete 
| 128|0x000000008d200000, 0x000000008d300000, 0x000000008d300000|100%|HC|  |TAMS 0x000000008d300000, 0x000000008d200000| Complete 
| 129|0x000000008d300000, 0x000000008d400000, 0x000000008d400000|100%|HC|  |TAMS 0x000000008d400000, 0x000000008d300000| Complete 
| 130|0x000000008d400000, 0x000000008d500000, 0x000000008d500000|100%|HC|  |TAMS 0x000000008d500000, 0x000000008d400000| Complete 
| 131|0x000000008d500000, 0x000000008d600000, 0x000000008d600000|100%|HC|  |TAMS 0x000000008d600000, 0x000000008d500000| Complete 
| 132|0x000000008d600000, 0x000000008d700000, 0x000000008d700000|100%|HC|  |TAMS 0x000000008d700000, 0x000000008d600000| Complete 
| 133|0x000000008d700000, 0x000000008d800000, 0x000000008d800000|100%|HC|  |TAMS 0x000000008d800000, 0x000000008d700000| Complete 
| 134|0x000000008d800000, 0x000000008d900000, 0x000000008d900000|100%| O|  |TAMS 0x000000008d900000, 0x000000008d800000| Untracked 
| 135|0x000000008d900000, 0x000000008da00000, 0x000000008da00000|100%| O|  |TAMS 0x000000008da00000, 0x000000008d900000| Untracked 
| 136|0x000000008da00000, 0x000000008db00000, 0x000000008db00000|100%| O|  |TAMS 0x000000008db00000, 0x000000008da00000| Untracked 
| 137|0x000000008db00000, 0x000000008dc00000, 0x000000008dc00000|100%| O|  |TAMS 0x000000008dc00000, 0x000000008db00000| Untracked 
| 138|0x000000008dc00000, 0x000000008dd00000, 0x000000008dd00000|100%| O|  |TAMS 0x000000008dd00000, 0x000000008dc00000| Untracked 
| 139|0x000000008dd00000, 0x000000008de00000, 0x000000008de00000|100%| O|  |TAMS 0x000000008de00000, 0x000000008dd00000| Untracked 
| 140|0x000000008de00000, 0x000000008df00000, 0x000000008df00000|100%| O|  |TAMS 0x000000008df00000, 0x000000008de00000| Untracked 
| 141|0x000000008df00000, 0x000000008e000000, 0x000000008e000000|100%| O|  |TAMS 0x000000008e000000, 0x000000008df00000| Untracked 
| 142|0x000000008e000000, 0x000000008e100000, 0x000000008e100000|100%| O|  |TAMS 0x000000008e100000, 0x000000008e000000| Untracked 
| 143|0x000000008e100000, 0x000000008e200000, 0x000000008e200000|100%| O|  |TAMS 0x000000008e200000, 0x000000008e100000| Untracked 
| 144|0x000000008e200000, 0x000000008e300000, 0x000000008e300000|100%| O|  |TAMS 0x000000008e300000, 0x000000008e200000| Untracked 
| 145|0x000000008e300000, 0x000000008e400000, 0x000000008e400000|100%| O|  |TAMS 0x000000008e400000, 0x000000008e300000| Untracked 
| 146|0x000000008e400000, 0x000000008e500000, 0x000000008e500000|100%| O|  |TAMS 0x000000008e500000, 0x000000008e400000| Untracked 
| 147|0x000000008e500000, 0x000000008e600000, 0x000000008e600000|100%| O|  |TAMS 0x000000008e600000, 0x000000008e500000| Untracked 
| 148|0x000000008e600000, 0x000000008e700000, 0x000000008e700000|100%| O|  |TAMS 0x000000008e700000, 0x000000008e600000| Untracked 
| 149|0x000000008e700000, 0x000000008e800000, 0x000000008e800000|100%| O|  |TAMS 0x000000008e800000, 0x000000008e700000| Untracked 
| 150|0x000000008e800000, 0x000000008e900000, 0x000000008e900000|100%| O|  |TAMS 0x000000008e900000, 0x000000008e800000| Untracked 
| 151|0x000000008e900000, 0x000000008ea00000, 0x000000008ea00000|100%|HS|  |TAMS 0x000000008e900000, 0x000000008e900000| Complete 
| 152|0x000000008ea00000, 0x000000008eb00000, 0x000000008eb00000|100%| O|  |TAMS 0x000000008eb00000, 0x000000008ea00000| Untracked 
| 153|0x000000008eb00000, 0x000000008ec00000, 0x000000008ec00000|100%| O|  |TAMS 0x000000008ec00000, 0x000000008eb00000| Untracked 
| 154|0x000000008ec00000, 0x000000008ed00000, 0x000000008ed00000|100%| O|  |TAMS 0x000000008ed00000, 0x000000008ec00000| Untracked 
| 155|0x000000008ed00000, 0x000000008ee00000, 0x000000008ee00000|100%| O|  |TAMS 0x000000008ee00000, 0x000000008ed00000| Untracked 
| 156|0x000000008ee00000, 0x000000008ef00000, 0x000000008ef00000|100%| O|  |TAMS 0x000000008ef00000, 0x000000008ee00000| Untracked 
| 157|0x000000008ef00000, 0x000000008f000000, 0x000000008f000000|100%| O|  |TAMS 0x000000008effa000, 0x000000008ef00000| Untracked 
| 158|0x000000008f000000, 0x000000008f100000, 0x000000008f100000|100%| O|  |TAMS 0x000000008f100000, 0x000000008f000000| Untracked 
| 159|0x000000008f100000, 0x000000008f200000, 0x000000008f200000|100%| O|  |TAMS 0x000000008f200000, 0x000000008f100000| Untracked 
| 160|0x000000008f200000, 0x000000008f300000, 0x000000008f300000|100%| O|  |TAMS 0x000000008f300000, 0x000000008f200000| Untracked 
| 161|0x000000008f300000, 0x000000008f400000, 0x000000008f400000|100%| O|  |TAMS 0x000000008f400000, 0x000000008f300000| Untracked 
| 162|0x000000008f400000, 0x000000008f500000, 0x000000008f500000|100%| O|  |TAMS 0x000000008f500000, 0x000000008f400000| Untracked 
| 163|0x000000008f500000, 0x000000008f600000, 0x000000008f600000|100%| O|  |TAMS 0x000000008f600000, 0x000000008f500000| Untracked 
| 164|0x000000008f600000, 0x000000008f700000, 0x000000008f700000|100%| O|  |TAMS 0x000000008f700000, 0x000000008f600000| Untracked 
| 165|0x000000008f700000, 0x000000008f800000, 0x000000008f800000|100%| O|  |TAMS 0x000000008f800000, 0x000000008f700000| Untracked 
| 166|0x000000008f800000, 0x000000008f900000, 0x000000008f900000|100%| O|  |TAMS 0x000000008f900000, 0x000000008f800000| Untracked 
| 167|0x000000008f900000, 0x000000008fa00000, 0x000000008fa00000|100%|HS|  |TAMS 0x000000008f900000, 0x000000008f900000| Complete 
| 168|0x000000008fa00000, 0x000000008fb00000, 0x000000008fb00000|100%|HS|  |TAMS 0x000000008fa00000, 0x000000008fa00000| Complete 
| 169|0x000000008fb00000, 0x000000008fc00000, 0x000000008fc00000|100%| O|  |TAMS 0x000000008fb00000, 0x000000008fb00000| Untracked 
| 170|0x000000008fc00000, 0x000000008fd00000, 0x000000008fd00000|100%| O|  |TAMS 0x000000008fc00000, 0x000000008fc00000| Untracked 
| 171|0x000000008fd00000, 0x000000008fe00000, 0x000000008fe00000|100%| O|  |TAMS 0x000000008fd00000, 0x000000008fd00000| Untracked 
| 172|0x000000008fe00000, 0x000000008ff00000, 0x000000008ff00000|100%| O|  |TAMS 0x000000008ff00000, 0x000000008fe00000| Untracked 
| 173|0x000000008ff00000, 0x0000000090000000, 0x0000000090000000|100%|HS|  |TAMS 0x0000000090000000, 0x000000008ff00000| Complete 
| 174|0x0000000090000000, 0x0000000090100000, 0x0000000090100000|100%| O|  |TAMS 0x0000000090000000, 0x0000000090000000| Untracked 
| 175|0x0000000090100000, 0x0000000090200000, 0x0000000090200000|100%| O|  |TAMS 0x0000000090100000, 0x0000000090100000| Untracked 
| 176|0x0000000090200000, 0x0000000090300000, 0x0000000090300000|100%| O|  |TAMS 0x0000000090200000, 0x0000000090200000| Untracked 
| 177|0x0000000090300000, 0x0000000090400000, 0x0000000090400000|100%| O|  |TAMS 0x0000000090300000, 0x0000000090300000| Untracked 
| 178|0x0000000090400000, 0x0000000090500000, 0x0000000090500000|100%| O|  |TAMS 0x0000000090400000, 0x0000000090400000| Untracked 
| 179|0x0000000090500000, 0x0000000090600000, 0x0000000090600000|100%| O|  |TAMS 0x0000000090500000, 0x0000000090500000| Untracked 
| 180|0x0000000090600000, 0x0000000090700000, 0x0000000090700000|100%| O|  |TAMS 0x0000000090600000, 0x0000000090600000| Untracked 
| 181|0x0000000090700000, 0x0000000090800000, 0x0000000090800000|100%| O|  |TAMS 0x0000000090800000, 0x0000000090700000| Untracked 
| 182|0x0000000090800000, 0x0000000090900000, 0x0000000090900000|100%| O|  |TAMS 0x0000000090900000, 0x0000000090800000| Untracked 
| 183|0x0000000090900000, 0x0000000090a00000, 0x0000000090a00000|100%| O|  |TAMS 0x0000000090900000, 0x0000000090900000| Untracked 
| 184|0x0000000090a00000, 0x0000000090b00000, 0x0000000090b00000|100%|HS|  |TAMS 0x0000000090a00000, 0x0000000090a00000| Complete 
| 185|0x0000000090b00000, 0x0000000090c00000, 0x0000000090c00000|100%|HS|  |TAMS 0x0000000090b00000, 0x0000000090b00000| Complete 
| 186|0x0000000090c00000, 0x0000000090d00000, 0x0000000090d00000|100%| O|  |TAMS 0x0000000090c00000, 0x0000000090c00000| Untracked 
| 187|0x0000000090d00000, 0x0000000090e00000, 0x0000000090e00000|100%| O|  |TAMS 0x0000000090d00000, 0x0000000090d00000| Untracked 
| 188|0x0000000090e00000, 0x0000000090f00000, 0x0000000090f00000|100%| O|  |TAMS 0x0000000090e00000, 0x0000000090e00000| Untracked 
| 189|0x0000000090f00000, 0x0000000091000000, 0x0000000091000000|100%| O|  |TAMS 0x0000000090f00000, 0x0000000090f00000| Untracked 
| 190|0x0000000091000000, 0x0000000091100000, 0x0000000091100000|100%| O|  |TAMS 0x0000000091000000, 0x0000000091000000| Untracked 
| 191|0x0000000091100000, 0x0000000091200000, 0x0000000091200000|100%| O|  |TAMS 0x0000000091100000, 0x0000000091100000| Untracked 
| 192|0x0000000091200000, 0x0000000091300000, 0x0000000091300000|100%| O|  |TAMS 0x0000000091200000, 0x0000000091200000| Untracked 
| 193|0x0000000091300000, 0x0000000091400000, 0x0000000091400000|100%| O|  |TAMS 0x0000000091300000, 0x0000000091300000| Untracked 
| 194|0x0000000091400000, 0x0000000091500000, 0x0000000091500000|100%| O|  |TAMS 0x0000000091400000, 0x0000000091400000| Untracked 
| 195|0x0000000091500000, 0x0000000091600000, 0x0000000091600000|100%| O|  |TAMS 0x0000000091500000, 0x0000000091500000| Untracked 
| 196|0x0000000091600000, 0x0000000091700000, 0x0000000091700000|100%| O|  |TAMS 0x0000000091600000, 0x0000000091600000| Untracked 
| 197|0x0000000091700000, 0x0000000091800000, 0x0000000091800000|100%| O|  |TAMS 0x0000000091700000, 0x0000000091700000| Untracked 
| 198|0x0000000091800000, 0x0000000091900000, 0x0000000091900000|100%| O|  |TAMS 0x0000000091800000, 0x0000000091800000| Untracked 
| 199|0x0000000091900000, 0x0000000091a00000, 0x0000000091a00000|100%| O|  |TAMS 0x0000000091900000, 0x0000000091900000| Untracked 
| 200|0x0000000091a00000, 0x0000000091b00000, 0x0000000091b00000|100%| O|  |TAMS 0x0000000091a00000, 0x0000000091a00000| Untracked 
| 201|0x0000000091b00000, 0x0000000091c00000, 0x0000000091c00000|100%|HS|  |TAMS 0x0000000091b00000, 0x0000000091b00000| Complete 
| 202|0x0000000091c00000, 0x0000000091d00000, 0x0000000091d00000|100%| O|  |TAMS 0x0000000091d00000, 0x0000000091c00000| Untracked 
| 203|0x0000000091d00000, 0x0000000091e00000, 0x0000000091e00000|100%| O|  |TAMS 0x0000000091e00000, 0x0000000091d00000| Untracked 
| 204|0x0000000091e00000, 0x0000000091f00000, 0x0000000091f00000|100%| O|  |TAMS 0x0000000091f00000, 0x0000000091e00000| Untracked 
| 205|0x0000000091f00000, 0x0000000092000000, 0x0000000092000000|100%| O|  |TAMS 0x0000000092000000, 0x0000000091f00000| Untracked 
| 206|0x0000000092000000, 0x0000000092100000, 0x0000000092100000|100%| O|  |TAMS 0x0000000092100000, 0x0000000092000000| Untracked 
| 207|0x0000000092100000, 0x0000000092200000, 0x0000000092200000|100%| O|  |TAMS 0x0000000092200000, 0x0000000092100000| Untracked 
| 208|0x0000000092200000, 0x0000000092300000, 0x0000000092300000|100%| O|  |TAMS 0x0000000092300000, 0x0000000092200000| Untracked 
| 209|0x0000000092300000, 0x0000000092400000, 0x0000000092400000|100%| O|  |TAMS 0x0000000092400000, 0x0000000092300000| Untracked 
| 210|0x0000000092400000, 0x0000000092500000, 0x0000000092500000|100%|HS|  |TAMS 0x0000000092400000, 0x0000000092400000| Complete 
| 211|0x0000000092500000, 0x0000000092600000, 0x0000000092600000|100%| O|  |TAMS 0x0000000092500000, 0x0000000092500000| Untracked 
| 212|0x0000000092600000, 0x0000000092700000, 0x0000000092700000|100%| O|  |TAMS 0x0000000092600000, 0x0000000092600000| Untracked 
| 213|0x0000000092700000, 0x0000000092800000, 0x0000000092800000|100%| O|  |TAMS 0x0000000092700000, 0x0000000092700000| Untracked 
| 214|0x0000000092800000, 0x0000000092900000, 0x0000000092900000|100%| O|  |TAMS 0x0000000092800000, 0x0000000092800000| Untracked 
| 215|0x0000000092900000, 0x0000000092a00000, 0x0000000092a00000|100%| O|  |TAMS 0x0000000092900000, 0x0000000092900000| Untracked 
| 216|0x0000000092a00000, 0x0000000092b00000, 0x0000000092b00000|100%| O|  |TAMS 0x0000000092a00000, 0x0000000092a00000| Untracked 
| 217|0x0000000092b00000, 0x0000000092c00000, 0x0000000092c00000|100%| O|  |TAMS 0x0000000092b00000, 0x0000000092b00000| Untracked 
| 218|0x0000000092c00000, 0x0000000092d00000, 0x0000000092d00000|100%| O|  |TAMS 0x0000000092c00000, 0x0000000092c00000| Untracked 
| 219|0x0000000092d00000, 0x0000000092e00000, 0x0000000092e00000|100%| O|  |TAMS 0x0000000092d00000, 0x0000000092d00000| Untracked 
| 220|0x0000000092e00000, 0x0000000092f00000, 0x0000000092f00000|100%| O|  |TAMS 0x0000000092e00000, 0x0000000092e00000| Untracked 
| 221|0x0000000092f00000, 0x0000000093000000, 0x0000000093000000|100%| O|  |TAMS 0x0000000092f00000, 0x0000000092f00000| Untracked 
| 222|0x0000000093000000, 0x0000000093100000, 0x0000000093100000|100%| O|  |TAMS 0x0000000093100000, 0x0000000093000000| Untracked 
| 223|0x0000000093100000, 0x0000000093200000, 0x0000000093200000|100%| O|  |TAMS 0x0000000093200000, 0x0000000093100000| Untracked 
| 224|0x0000000093200000, 0x0000000093300000, 0x0000000093300000|100%| O|  |TAMS 0x0000000093300000, 0x0000000093200000| Untracked 
| 225|0x0000000093300000, 0x0000000093400000, 0x0000000093400000|100%| O|  |TAMS 0x0000000093400000, 0x0000000093300000| Untracked 
| 226|0x0000000093400000, 0x0000000093500000, 0x0000000093500000|100%| O|  |TAMS 0x0000000093400000, 0x0000000093400000| Untracked 
| 227|0x0000000093500000, 0x0000000093600000, 0x0000000093600000|100%| O|  |TAMS 0x0000000093500000, 0x0000000093500000| Untracked 
| 228|0x0000000093600000, 0x0000000093700000, 0x0000000093700000|100%| O|  |TAMS 0x0000000093600000, 0x0000000093600000| Untracked 
| 229|0x0000000093700000, 0x0000000093800000, 0x0000000093800000|100%| O|  |TAMS 0x0000000093700000, 0x0000000093700000| Untracked 
| 230|0x0000000093800000, 0x0000000093900000, 0x0000000093900000|100%| O|  |TAMS 0x0000000093900000, 0x0000000093800000| Untracked 
| 231|0x0000000093900000, 0x0000000093a00000, 0x0000000093a00000|100%| O|  |TAMS 0x0000000093900000, 0x0000000093900000| Untracked 
| 232|0x0000000093a00000, 0x0000000093b00000, 0x0000000093b00000|100%| O|  |TAMS 0x0000000093a00000, 0x0000000093a00000| Untracked 
| 233|0x0000000093b00000, 0x0000000093c00000, 0x0000000093c00000|100%| O|  |TAMS 0x0000000093c00000, 0x0000000093b00000| Untracked 
| 234|0x0000000093c00000, 0x0000000093d00000, 0x0000000093d00000|100%| O|  |TAMS 0x0000000093d00000, 0x0000000093c00000| Untracked 
| 235|0x0000000093d00000, 0x0000000093e00000, 0x0000000093e00000|100%| O|  |TAMS 0x0000000093d00000, 0x0000000093d00000| Untracked 
| 236|0x0000000093e00000, 0x0000000093f00000, 0x0000000093f00000|100%| O|  |TAMS 0x0000000093f00000, 0x0000000093e00000| Untracked 
| 237|0x0000000093f00000, 0x0000000094000000, 0x0000000094000000|100%| O|  |TAMS 0x0000000094000000, 0x0000000093f00000| Untracked 
| 238|0x0000000094000000, 0x0000000094100000, 0x0000000094100000|100%| O|  |TAMS 0x0000000094100000, 0x0000000094000000| Untracked 
| 239|0x0000000094100000, 0x0000000094200000, 0x0000000094200000|100%| O|  |TAMS 0x0000000094100000, 0x0000000094100000| Untracked 
| 240|0x0000000094200000, 0x0000000094300000, 0x0000000094300000|100%| O|  |TAMS 0x0000000094200000, 0x0000000094200000| Untracked 
| 241|0x0000000094300000, 0x0000000094400000, 0x0000000094400000|100%| O|  |TAMS 0x0000000094300000, 0x0000000094300000| Untracked 
| 242|0x0000000094400000, 0x0000000094500000, 0x0000000094500000|100%| O|  |TAMS 0x0000000094400000, 0x0000000094400000| Untracked 
| 243|0x0000000094500000, 0x0000000094600000, 0x0000000094600000|100%| O|  |TAMS 0x0000000094500000, 0x0000000094500000| Untracked 
| 244|0x0000000094600000, 0x0000000094700000, 0x0000000094700000|100%| O|  |TAMS 0x0000000094600000, 0x0000000094600000| Untracked 
| 245|0x0000000094700000, 0x0000000094800000, 0x0000000094800000|100%| O|  |TAMS 0x0000000094700000, 0x0000000094700000| Untracked 
| 246|0x0000000094800000, 0x0000000094900000, 0x0000000094900000|100%| O|  |TAMS 0x0000000094800000, 0x0000000094800000| Untracked 
| 247|0x0000000094900000, 0x0000000094a00000, 0x0000000094a00000|100%| O|  |TAMS 0x0000000094900000, 0x0000000094900000| Untracked 
| 248|0x0000000094a00000, 0x0000000094b00000, 0x0000000094b00000|100%| O|  |TAMS 0x0000000094a00000, 0x0000000094a00000| Untracked 
| 249|0x0000000094b00000, 0x0000000094c00000, 0x0000000094c00000|100%| O|  |TAMS 0x0000000094b00000, 0x0000000094b00000| Untracked 
| 250|0x0000000094c00000, 0x0000000094d00000, 0x0000000094d00000|100%| O|  |TAMS 0x0000000094c00000, 0x0000000094c00000| Untracked 
| 251|0x0000000094d00000, 0x0000000094e00000, 0x0000000094e00000|100%| O|  |TAMS 0x0000000094d00000, 0x0000000094d00000| Untracked 
| 252|0x0000000094e00000, 0x0000000094f00000, 0x0000000094f00000|100%| O|  |TAMS 0x0000000094e00000, 0x0000000094e00000| Untracked 
| 253|0x0000000094f00000, 0x0000000095000000, 0x0000000095000000|100%| O|  |TAMS 0x0000000094f00000, 0x0000000094f00000| Untracked 
| 254|0x0000000095000000, 0x0000000095100000, 0x0000000095100000|100%| O|  |TAMS 0x0000000095000000, 0x0000000095000000| Untracked 
| 255|0x0000000095100000, 0x0000000095200000, 0x0000000095200000|100%| O|  |TAMS 0x0000000095100000, 0x0000000095100000| Untracked 
| 256|0x0000000095200000, 0x0000000095300000, 0x0000000095300000|100%| O|  |TAMS 0x0000000095200000, 0x0000000095200000| Untracked 
| 257|0x0000000095300000, 0x0000000095400000, 0x0000000095400000|100%| O|  |TAMS 0x0000000095300000, 0x0000000095300000| Untracked 
| 258|0x0000000095400000, 0x0000000095500000, 0x0000000095500000|100%| O|  |TAMS 0x0000000095400000, 0x0000000095400000| Untracked 
| 259|0x0000000095500000, 0x0000000095600000, 0x0000000095600000|100%| O|  |TAMS 0x0000000095500000, 0x0000000095500000| Untracked 
| 260|0x0000000095600000, 0x0000000095700000, 0x0000000095700000|100%| O|  |TAMS 0x0000000095600000, 0x0000000095600000| Untracked 
| 261|0x0000000095700000, 0x0000000095800000, 0x0000000095800000|100%| O|  |TAMS 0x0000000095700000, 0x0000000095700000| Untracked 
| 262|0x0000000095800000, 0x0000000095900000, 0x0000000095900000|100%| O|  |TAMS 0x0000000095800000, 0x0000000095800000| Untracked 
| 263|0x0000000095900000, 0x0000000095a00000, 0x0000000095a00000|100%| O|  |TAMS 0x0000000095900000, 0x0000000095900000| Untracked 
| 264|0x0000000095a00000, 0x0000000095b00000, 0x0000000095b00000|100%|HS|  |TAMS 0x0000000095a00000, 0x0000000095a00000| Complete 
| 265|0x0000000095b00000, 0x0000000095c00000, 0x0000000095c00000|100%|HS|  |TAMS 0x0000000095b00000, 0x0000000095b00000| Complete 
| 266|0x0000000095c00000, 0x0000000095d00000, 0x0000000095d00000|100%| O|  |TAMS 0x0000000095c00000, 0x0000000095c00000| Untracked 
| 267|0x0000000095d00000, 0x0000000095e00000, 0x0000000095e00000|100%| O|  |TAMS 0x0000000095d00000, 0x0000000095d00000| Untracked 
| 268|0x0000000095e00000, 0x0000000095f00000, 0x0000000095f00000|100%| O|  |TAMS 0x0000000095e00000, 0x0000000095e00000| Untracked 
| 269|0x0000000095f00000, 0x0000000096000000, 0x0000000096000000|100%| O|  |TAMS 0x0000000095f00000, 0x0000000095f00000| Untracked 
| 270|0x0000000096000000, 0x0000000096100000, 0x0000000096100000|100%| O|  |TAMS 0x0000000096000000, 0x0000000096000000| Untracked 
| 271|0x0000000096100000, 0x0000000096200000, 0x0000000096200000|100%| O|  |TAMS 0x0000000096100000, 0x0000000096100000| Untracked 
| 272|0x0000000096200000, 0x0000000096300000, 0x0000000096300000|100%| O|  |TAMS 0x0000000096200000, 0x0000000096200000| Untracked 
| 273|0x0000000096300000, 0x0000000096400000, 0x0000000096400000|100%| O|  |TAMS 0x0000000096300000, 0x0000000096300000| Untracked 
| 274|0x0000000096400000, 0x0000000096500000, 0x0000000096500000|100%| O|  |TAMS 0x0000000096400000, 0x0000000096400000| Untracked 
| 275|0x0000000096500000, 0x0000000096600000, 0x0000000096600000|100%| O|  |TAMS 0x0000000096500000, 0x0000000096500000| Untracked 
| 276|0x0000000096600000, 0x0000000096700000, 0x0000000096700000|100%| O|  |TAMS 0x0000000096600000, 0x0000000096600000| Untracked 
| 277|0x0000000096700000, 0x0000000096800000, 0x0000000096800000|100%| O|  |TAMS 0x0000000096700000, 0x0000000096700000| Untracked 
| 278|0x0000000096800000, 0x0000000096900000, 0x0000000096900000|100%| O|  |TAMS 0x0000000096800000, 0x0000000096800000| Untracked 
| 279|0x0000000096900000, 0x0000000096a00000, 0x0000000096a00000|100%| O|  |TAMS 0x0000000096900000, 0x0000000096900000| Untracked 
| 280|0x0000000096a00000, 0x0000000096b00000, 0x0000000096b00000|100%| O|  |TAMS 0x0000000096a00000, 0x0000000096a00000| Untracked 
| 281|0x0000000096b00000, 0x0000000096c00000, 0x0000000096c00000|100%| O|  |TAMS 0x0000000096b00000, 0x0000000096b00000| Untracked 
| 282|0x0000000096c00000, 0x0000000096d00000, 0x0000000096d00000|100%| O|  |TAMS 0x0000000096c00000, 0x0000000096c00000| Untracked 
| 283|0x0000000096d00000, 0x0000000096e00000, 0x0000000096e00000|100%| O|  |TAMS 0x0000000096d00000, 0x0000000096d00000| Untracked 
| 284|0x0000000096e00000, 0x0000000096f00000, 0x0000000096f00000|100%| O|  |TAMS 0x0000000096e00000, 0x0000000096e00000| Untracked 
| 285|0x0000000096f00000, 0x0000000097000000, 0x0000000097000000|100%| O|  |TAMS 0x0000000096f00000, 0x0000000096f00000| Untracked 
| 286|0x0000000097000000, 0x0000000097100000, 0x0000000097100000|100%| O|  |TAMS 0x0000000097000000, 0x0000000097000000| Untracked 
| 287|0x0000000097100000, 0x0000000097200000, 0x0000000097200000|100%| O|  |TAMS 0x0000000097100000, 0x0000000097100000| Untracked 
| 288|0x0000000097200000, 0x0000000097300000, 0x0000000097300000|100%| O|  |TAMS 0x0000000097200000, 0x0000000097200000| Untracked 
| 289|0x0000000097300000, 0x0000000097400000, 0x0000000097400000|100%| O|  |TAMS 0x0000000097300000, 0x0000000097300000| Untracked 
| 290|0x0000000097400000, 0x0000000097500000, 0x0000000097500000|100%| O|  |TAMS 0x0000000097400000, 0x0000000097400000| Untracked 
| 291|0x0000000097500000, 0x0000000097600000, 0x0000000097600000|100%| O|  |TAMS 0x0000000097500000, 0x0000000097500000| Untracked 
| 292|0x0000000097600000, 0x0000000097700000, 0x0000000097700000|100%| O|  |TAMS 0x0000000097600000, 0x0000000097600000| Untracked 
| 293|0x0000000097700000, 0x0000000097800000, 0x0000000097800000|100%| O|  |TAMS 0x0000000097700000, 0x0000000097700000| Untracked 
| 294|0x0000000097800000, 0x0000000097900000, 0x0000000097900000|100%| O|  |TAMS 0x0000000097800000, 0x0000000097800000| Untracked 
| 295|0x0000000097900000, 0x0000000097a00000, 0x0000000097a00000|100%| O|  |TAMS 0x0000000097900000, 0x0000000097900000| Untracked 
| 296|0x0000000097a00000, 0x0000000097b00000, 0x0000000097b00000|100%| O|  |TAMS 0x0000000097a00000, 0x0000000097a00000| Untracked 
| 297|0x0000000097b00000, 0x0000000097c00000, 0x0000000097c00000|100%| O|  |TAMS 0x0000000097b00000, 0x0000000097b00000| Untracked 
| 298|0x0000000097c00000, 0x0000000097d00000, 0x0000000097d00000|100%| O|  |TAMS 0x0000000097c00000, 0x0000000097c00000| Untracked 
| 299|0x0000000097d00000, 0x0000000097e00000, 0x0000000097e00000|100%| O|  |TAMS 0x0000000097d00000, 0x0000000097d00000| Untracked 
| 300|0x0000000097e00000, 0x0000000097f00000, 0x0000000097f00000|100%| O|  |TAMS 0x0000000097e00000, 0x0000000097e00000| Untracked 
| 301|0x0000000097f00000, 0x0000000098000000, 0x0000000098000000|100%| O|  |TAMS 0x0000000097f00000, 0x0000000097f00000| Untracked 
| 302|0x0000000098000000, 0x0000000098100000, 0x0000000098100000|100%| O|  |TAMS 0x0000000098000000, 0x0000000098000000| Untracked 
| 303|0x0000000098100000, 0x0000000098200000, 0x0000000098200000|100%| O|  |TAMS 0x0000000098100000, 0x0000000098100000| Untracked 
| 304|0x0000000098200000, 0x0000000098300000, 0x0000000098300000|100%| O|  |TAMS 0x0000000098200000, 0x0000000098200000| Untracked 
| 305|0x0000000098300000, 0x0000000098400000, 0x0000000098400000|100%| O|  |TAMS 0x0000000098300000, 0x0000000098300000| Untracked 
| 306|0x0000000098400000, 0x0000000098500000, 0x0000000098500000|100%| O|  |TAMS 0x0000000098400000, 0x0000000098400000| Untracked 
| 307|0x0000000098500000, 0x0000000098600000, 0x0000000098600000|100%| O|  |TAMS 0x0000000098500000, 0x0000000098500000| Untracked 
| 308|0x0000000098600000, 0x0000000098700000, 0x0000000098700000|100%| O|  |TAMS 0x0000000098600000, 0x0000000098600000| Untracked 
| 309|0x0000000098700000, 0x0000000098800000, 0x0000000098800000|100%| O|  |TAMS 0x0000000098700000, 0x0000000098700000| Untracked 
| 310|0x0000000098800000, 0x0000000098900000, 0x0000000098900000|100%| O|  |TAMS 0x0000000098800000, 0x0000000098800000| Untracked 
| 311|0x0000000098900000, 0x0000000098a00000, 0x0000000098a00000|100%| O|  |TAMS 0x0000000098900000, 0x0000000098900000| Untracked 
| 312|0x0000000098a00000, 0x0000000098b00000, 0x0000000098b00000|100%| O|  |TAMS 0x0000000098a00000, 0x0000000098a00000| Untracked 
| 313|0x0000000098b00000, 0x0000000098c00000, 0x0000000098c00000|100%| O|  |TAMS 0x0000000098b00000, 0x0000000098b00000| Untracked 
| 314|0x0000000098c00000, 0x0000000098d00000, 0x0000000098d00000|100%| O|  |TAMS 0x0000000098c00000, 0x0000000098c00000| Untracked 
| 315|0x0000000098d00000, 0x0000000098e00000, 0x0000000098e00000|100%| O|  |TAMS 0x0000000098d00000, 0x0000000098d00000| Untracked 
| 316|0x0000000098e00000, 0x0000000098f00000, 0x0000000098f00000|100%| O|  |TAMS 0x0000000098e00000, 0x0000000098e00000| Untracked 
| 317|0x0000000098f00000, 0x0000000099000000, 0x0000000099000000|100%| O|  |TAMS 0x0000000098f00000, 0x0000000098f00000| Untracked 
| 318|0x0000000099000000, 0x0000000099100000, 0x0000000099100000|100%| O|  |TAMS 0x0000000099000000, 0x0000000099000000| Untracked 
| 319|0x0000000099100000, 0x0000000099200000, 0x0000000099200000|100%| O|  |TAMS 0x0000000099100000, 0x0000000099100000| Untracked 
| 320|0x0000000099200000, 0x0000000099300000, 0x0000000099300000|100%| O|  |TAMS 0x0000000099200000, 0x0000000099200000| Untracked 
| 321|0x0000000099300000, 0x0000000099400000, 0x0000000099400000|100%| O|  |TAMS 0x0000000099300000, 0x0000000099300000| Untracked 
| 322|0x0000000099400000, 0x0000000099500000, 0x0000000099500000|100%| O|  |TAMS 0x0000000099400000, 0x0000000099400000| Untracked 
| 323|0x0000000099500000, 0x0000000099600000, 0x0000000099600000|100%| O|  |TAMS 0x0000000099500000, 0x0000000099500000| Untracked 
| 324|0x0000000099600000, 0x0000000099700000, 0x0000000099700000|100%| O|  |TAMS 0x0000000099600000, 0x0000000099600000| Untracked 
| 325|0x0000000099700000, 0x0000000099800000, 0x0000000099800000|100%| O|  |TAMS 0x0000000099700000, 0x0000000099700000| Untracked 
| 326|0x0000000099800000, 0x0000000099900000, 0x0000000099900000|100%| O|  |TAMS 0x0000000099800000, 0x0000000099800000| Untracked 
| 327|0x0000000099900000, 0x0000000099a00000, 0x0000000099a00000|100%| O|  |TAMS 0x0000000099900000, 0x0000000099900000| Untracked 
| 328|0x0000000099a00000, 0x0000000099b00000, 0x0000000099b00000|100%| O|  |TAMS 0x0000000099a00000, 0x0000000099a00000| Untracked 
| 329|0x0000000099b00000, 0x0000000099c00000, 0x0000000099c00000|100%| O|  |TAMS 0x0000000099b00000, 0x0000000099b00000| Untracked 
| 330|0x0000000099c00000, 0x0000000099d00000, 0x0000000099d00000|100%| O|  |TAMS 0x0000000099c00000, 0x0000000099c00000| Untracked 
| 331|0x0000000099d00000, 0x0000000099e00000, 0x0000000099e00000|100%| O|  |TAMS 0x0000000099d00000, 0x0000000099d00000| Untracked 
| 332|0x0000000099e00000, 0x0000000099f00000, 0x0000000099f00000|100%| O|  |TAMS 0x0000000099e00000, 0x0000000099e00000| Untracked 
| 333|0x0000000099f00000, 0x000000009a000000, 0x000000009a000000|100%| O|  |TAMS 0x0000000099f00000, 0x0000000099f00000| Untracked 
| 334|0x000000009a000000, 0x000000009a100000, 0x000000009a100000|100%| O|  |TAMS 0x000000009a000000, 0x000000009a000000| Untracked 
| 335|0x000000009a100000, 0x000000009a200000, 0x000000009a200000|100%| O|  |TAMS 0x000000009a100000, 0x000000009a100000| Untracked 
| 336|0x000000009a200000, 0x000000009a300000, 0x000000009a300000|100%| O|  |TAMS 0x000000009a200000, 0x000000009a200000| Untracked 
| 337|0x000000009a300000, 0x000000009a400000, 0x000000009a400000|100%| O|  |TAMS 0x000000009a300000, 0x000000009a300000| Untracked 
| 338|0x000000009a400000, 0x000000009a500000, 0x000000009a500000|100%| O|  |TAMS 0x000000009a400000, 0x000000009a400000| Untracked 
| 339|0x000000009a500000, 0x000000009a600000, 0x000000009a600000|100%| O|  |TAMS 0x000000009a500000, 0x000000009a500000| Untracked 
| 340|0x000000009a600000, 0x000000009a700000, 0x000000009a700000|100%| O|  |TAMS 0x000000009a600000, 0x000000009a600000| Untracked 
| 341|0x000000009a700000, 0x000000009a800000, 0x000000009a800000|100%| O|  |TAMS 0x000000009a700000, 0x000000009a700000| Untracked 
| 342|0x000000009a800000, 0x000000009a900000, 0x000000009a900000|100%| O|  |TAMS 0x000000009a800000, 0x000000009a800000| Untracked 
| 343|0x000000009a900000, 0x000000009aa00000, 0x000000009aa00000|100%| O|  |TAMS 0x000000009a900000, 0x000000009a900000| Untracked 
| 344|0x000000009aa00000, 0x000000009ab00000, 0x000000009ab00000|100%| O|  |TAMS 0x000000009aa00000, 0x000000009aa00000| Untracked 
| 345|0x000000009ab00000, 0x000000009ac00000, 0x000000009ac00000|100%| O|  |TAMS 0x000000009ab00000, 0x000000009ab00000| Untracked 
| 346|0x000000009ac00000, 0x000000009ad00000, 0x000000009ad00000|100%| O|  |TAMS 0x000000009ac00000, 0x000000009ac00000| Untracked 
| 347|0x000000009ad00000, 0x000000009ae00000, 0x000000009ae00000|100%| O|  |TAMS 0x000000009ad00000, 0x000000009ad00000| Untracked 
| 348|0x000000009ae00000, 0x000000009af00000, 0x000000009af00000|100%| O|  |TAMS 0x000000009ae00000, 0x000000009ae00000| Untracked 
| 349|0x000000009af00000, 0x000000009b000000, 0x000000009b000000|100%| O|  |TAMS 0x000000009af00000, 0x000000009af00000| Untracked 
| 350|0x000000009b000000, 0x000000009b100000, 0x000000009b100000|100%| O|  |TAMS 0x000000009b000000, 0x000000009b000000| Untracked 
| 351|0x000000009b100000, 0x000000009b200000, 0x000000009b200000|100%| O|  |TAMS 0x000000009b100000, 0x000000009b100000| Untracked 
| 352|0x000000009b200000, 0x000000009b300000, 0x000000009b300000|100%| O|  |TAMS 0x000000009b200000, 0x000000009b200000| Untracked 
| 353|0x000000009b300000, 0x000000009b400000, 0x000000009b400000|100%| O|  |TAMS 0x000000009b300000, 0x000000009b300000| Untracked 
| 354|0x000000009b400000, 0x000000009b500000, 0x000000009b500000|100%| O|  |TAMS 0x000000009b400000, 0x000000009b400000| Untracked 
| 355|0x000000009b500000, 0x000000009b600000, 0x000000009b600000|100%| O|  |TAMS 0x000000009b500000, 0x000000009b500000| Untracked 
| 356|0x000000009b600000, 0x000000009b700000, 0x000000009b700000|100%| O|  |TAMS 0x000000009b600000, 0x000000009b600000| Untracked 
| 357|0x000000009b700000, 0x000000009b800000, 0x000000009b800000|100%| O|  |TAMS 0x000000009b700000, 0x000000009b700000| Untracked 
| 358|0x000000009b800000, 0x000000009b900000, 0x000000009b900000|100%| O|  |TAMS 0x000000009b800000, 0x000000009b800000| Untracked 
| 359|0x000000009b900000, 0x000000009ba00000, 0x000000009ba00000|100%| O|  |TAMS 0x000000009b900000, 0x000000009b900000| Untracked 
| 360|0x000000009ba00000, 0x000000009bb00000, 0x000000009bb00000|100%| O|  |TAMS 0x000000009ba00000, 0x000000009ba00000| Untracked 
| 361|0x000000009bb00000, 0x000000009bc00000, 0x000000009bc00000|100%| O|  |TAMS 0x000000009bb00000, 0x000000009bb00000| Untracked 
| 362|0x000000009bc00000, 0x000000009bd00000, 0x000000009bd00000|100%| O|  |TAMS 0x000000009bc00000, 0x000000009bc00000| Untracked 
| 363|0x000000009bd00000, 0x000000009be00000, 0x000000009be00000|100%| O|  |TAMS 0x000000009bd00000, 0x000000009bd00000| Untracked 
| 364|0x000000009be00000, 0x000000009be00000, 0x000000009bf00000|  0%| F|  |TAMS 0x000000009be00000, 0x000000009be00000| Untracked 
| 365|0x000000009bf00000, 0x000000009bf00000, 0x000000009c000000|  0%| F|  |TAMS 0x000000009bf00000, 0x000000009bf00000| Untracked 
| 366|0x000000009c000000, 0x000000009c000000, 0x000000009c100000|  0%| F|  |TAMS 0x000000009c000000, 0x000000009c000000| Untracked 
| 367|0x000000009c100000, 0x000000009c100000, 0x000000009c200000|  0%| F|  |TAMS 0x000000009c100000, 0x000000009c100000| Untracked 
| 368|0x000000009c200000, 0x000000009c200000, 0x000000009c300000|  0%| F|  |TAMS 0x000000009c200000, 0x000000009c200000| Untracked 
| 369|0x000000009c300000, 0x000000009c300000, 0x000000009c400000|  0%| F|  |TAMS 0x000000009c300000, 0x000000009c300000| Untracked 
| 370|0x000000009c400000, 0x000000009c400000, 0x000000009c500000|  0%| F|  |TAMS 0x000000009c400000, 0x000000009c400000| Untracked 
| 371|0x000000009c500000, 0x000000009c500000, 0x000000009c600000|  0%| F|  |TAMS 0x000000009c500000, 0x000000009c500000| Untracked 
| 372|0x000000009c600000, 0x000000009c600000, 0x000000009c700000|  0%| F|  |TAMS 0x000000009c600000, 0x000000009c600000| Untracked 
| 373|0x000000009c700000, 0x000000009c700000, 0x000000009c800000|  0%| F|  |TAMS 0x000000009c700000, 0x000000009c700000| Untracked 
| 374|0x000000009c800000, 0x000000009c800000, 0x000000009c900000|  0%| F|  |TAMS 0x000000009c800000, 0x000000009c800000| Untracked 
| 375|0x000000009c900000, 0x000000009c900000, 0x000000009ca00000|  0%| F|  |TAMS 0x000000009c900000, 0x000000009c900000| Untracked 
| 376|0x000000009ca00000, 0x000000009ca00000, 0x000000009cb00000|  0%| F|  |TAMS 0x000000009ca00000, 0x000000009ca00000| Untracked 
| 377|0x000000009cb00000, 0x000000009cb00000, 0x000000009cc00000|  0%| F|  |TAMS 0x000000009cb00000, 0x000000009cb00000| Untracked 
| 378|0x000000009cc00000, 0x000000009cc00000, 0x000000009cd00000|  0%| F|  |TAMS 0x000000009cc00000, 0x000000009cc00000| Untracked 
| 379|0x000000009cd00000, 0x000000009cd00000, 0x000000009ce00000|  0%| F|  |TAMS 0x000000009cd00000, 0x000000009cd00000| Untracked 
| 380|0x000000009ce00000, 0x000000009ce00000, 0x000000009cf00000|  0%| F|  |TAMS 0x000000009ce00000, 0x000000009ce00000| Untracked 
| 381|0x000000009cf00000, 0x000000009cf00000, 0x000000009d000000|  0%| F|  |TAMS 0x000000009cf00000, 0x000000009cf00000| Untracked 
| 382|0x000000009d000000, 0x000000009d000000, 0x000000009d100000|  0%| F|  |TAMS 0x000000009d000000, 0x000000009d000000| Untracked 
| 383|0x000000009d100000, 0x000000009d100000, 0x000000009d200000|  0%| F|  |TAMS 0x000000009d100000, 0x000000009d100000| Untracked 
| 384|0x000000009d200000, 0x000000009d200000, 0x000000009d300000|  0%| F|  |TAMS 0x000000009d200000, 0x000000009d200000| Untracked 
| 385|0x000000009d300000, 0x000000009d300000, 0x000000009d400000|  0%| F|  |TAMS 0x000000009d300000, 0x000000009d300000| Untracked 
| 386|0x000000009d400000, 0x000000009d400000, 0x000000009d500000|  0%| F|  |TAMS 0x000000009d400000, 0x000000009d400000| Untracked 
| 387|0x000000009d500000, 0x000000009d500000, 0x000000009d600000|  0%| F|  |TAMS 0x000000009d500000, 0x000000009d500000| Untracked 
| 388|0x000000009d600000, 0x000000009d600000, 0x000000009d700000|  0%| F|  |TAMS 0x000000009d600000, 0x000000009d600000| Untracked 
| 389|0x000000009d700000, 0x000000009d700000, 0x000000009d800000|  0%| F|  |TAMS 0x000000009d700000, 0x000000009d700000| Untracked 
| 390|0x000000009d800000, 0x000000009d800000, 0x000000009d900000|  0%| F|  |TAMS 0x000000009d800000, 0x000000009d800000| Untracked 
| 391|0x000000009d900000, 0x000000009d900000, 0x000000009da00000|  0%| F|  |TAMS 0x000000009d900000, 0x000000009d900000| Untracked 
| 392|0x000000009da00000, 0x000000009da00000, 0x000000009db00000|  0%| F|  |TAMS 0x000000009da00000, 0x000000009da00000| Untracked 
| 393|0x000000009db00000, 0x000000009db00000, 0x000000009dc00000|  0%| F|  |TAMS 0x000000009db00000, 0x000000009db00000| Untracked 
| 394|0x000000009dc00000, 0x000000009dc00000, 0x000000009dd00000|  0%| F|  |TAMS 0x000000009dc00000, 0x000000009dc00000| Untracked 
| 395|0x000000009dd00000, 0x000000009dd00000, 0x000000009de00000|  0%| F|  |TAMS 0x000000009dd00000, 0x000000009dd00000| Untracked 
| 396|0x000000009de00000, 0x000000009de00000, 0x000000009df00000|  0%| F|  |TAMS 0x000000009de00000, 0x000000009de00000| Untracked 
| 397|0x000000009df00000, 0x000000009df00000, 0x000000009e000000|  0%| F|  |TAMS 0x000000009df00000, 0x000000009df00000| Untracked 
| 398|0x000000009e000000, 0x000000009e000000, 0x000000009e100000|  0%| F|  |TAMS 0x000000009e000000, 0x000000009e000000| Untracked 
| 399|0x000000009e100000, 0x000000009e100000, 0x000000009e200000|  0%| F|  |TAMS 0x000000009e100000, 0x000000009e100000| Untracked 
| 400|0x000000009e200000, 0x000000009e200000, 0x000000009e300000|  0%| F|  |TAMS 0x000000009e200000, 0x000000009e200000| Untracked 
| 401|0x000000009e300000, 0x000000009e300000, 0x000000009e400000|  0%| F|  |TAMS 0x000000009e300000, 0x000000009e300000| Untracked 
| 402|0x000000009e400000, 0x000000009e400000, 0x000000009e500000|  0%| F|  |TAMS 0x000000009e400000, 0x000000009e400000| Untracked 
| 403|0x000000009e500000, 0x000000009e500000, 0x000000009e600000|  0%| F|  |TAMS 0x000000009e500000, 0x000000009e500000| Untracked 
| 404|0x000000009e600000, 0x000000009e600000, 0x000000009e700000|  0%| F|  |TAMS 0x000000009e600000, 0x000000009e600000| Untracked 
| 405|0x000000009e700000, 0x000000009e700000, 0x000000009e800000|  0%| F|  |TAMS 0x000000009e700000, 0x000000009e700000| Untracked 
| 406|0x000000009e800000, 0x000000009e800000, 0x000000009e900000|  0%| F|  |TAMS 0x000000009e800000, 0x000000009e800000| Untracked 
| 407|0x000000009e900000, 0x000000009e900000, 0x000000009ea00000|  0%| F|  |TAMS 0x000000009e900000, 0x000000009e900000| Untracked 
| 408|0x000000009ea00000, 0x000000009ea00000, 0x000000009eb00000|  0%| F|  |TAMS 0x000000009ea00000, 0x000000009ea00000| Untracked 
| 409|0x000000009eb00000, 0x000000009eb00000, 0x000000009ec00000|  0%| F|  |TAMS 0x000000009eb00000, 0x000000009eb00000| Untracked 
| 410|0x000000009ec00000, 0x000000009ec00000, 0x000000009ed00000|  0%| F|  |TAMS 0x000000009ec00000, 0x000000009ec00000| Untracked 
| 411|0x000000009ed00000, 0x000000009ed00000, 0x000000009ee00000|  0%| F|  |TAMS 0x000000009ed00000, 0x000000009ed00000| Untracked 
| 412|0x000000009ee00000, 0x000000009ee00000, 0x000000009ef00000|  0%| F|  |TAMS 0x000000009ee00000, 0x000000009ee00000| Untracked 
| 413|0x000000009ef00000, 0x000000009ef00000, 0x000000009f000000|  0%| F|  |TAMS 0x000000009ef00000, 0x000000009ef00000| Untracked 
| 414|0x000000009f000000, 0x000000009f000000, 0x000000009f100000|  0%| F|  |TAMS 0x000000009f000000, 0x000000009f000000| Untracked 
| 415|0x000000009f100000, 0x000000009f100000, 0x000000009f200000|  0%| F|  |TAMS 0x000000009f100000, 0x000000009f100000| Untracked 
| 416|0x000000009f200000, 0x000000009f200000, 0x000000009f300000|  0%| F|  |TAMS 0x000000009f200000, 0x000000009f200000| Untracked 
| 417|0x000000009f300000, 0x000000009f300000, 0x000000009f400000|  0%| F|  |TAMS 0x000000009f300000, 0x000000009f300000| Untracked 
| 418|0x000000009f400000, 0x000000009f400000, 0x000000009f500000|  0%| F|  |TAMS 0x000000009f400000, 0x000000009f400000| Untracked 
| 419|0x000000009f500000, 0x000000009f500000, 0x000000009f600000|  0%| F|  |TAMS 0x000000009f500000, 0x000000009f500000| Untracked 
| 420|0x000000009f600000, 0x000000009f600000, 0x000000009f700000|  0%| F|  |TAMS 0x000000009f600000, 0x000000009f600000| Untracked 
| 421|0x000000009f700000, 0x000000009f700000, 0x000000009f800000|  0%| F|  |TAMS 0x000000009f700000, 0x000000009f700000| Untracked 
| 422|0x000000009f800000, 0x000000009f800000, 0x000000009f900000|  0%| F|  |TAMS 0x000000009f800000, 0x000000009f800000| Untracked 
| 423|0x000000009f900000, 0x000000009f900000, 0x000000009fa00000|  0%| F|  |TAMS 0x000000009f900000, 0x000000009f900000| Untracked 
| 424|0x000000009fa00000, 0x000000009fa00000, 0x000000009fb00000|  0%| F|  |TAMS 0x000000009fa00000, 0x000000009fa00000| Untracked 
| 425|0x000000009fb00000, 0x000000009fb00000, 0x000000009fc00000|  0%| F|  |TAMS 0x000000009fb00000, 0x000000009fb00000| Untracked 
| 426|0x000000009fc00000, 0x000000009fc00000, 0x000000009fd00000|  0%| F|  |TAMS 0x000000009fc00000, 0x000000009fc00000| Untracked 
| 427|0x000000009fd00000, 0x000000009fd00000, 0x000000009fe00000|  0%| F|  |TAMS 0x000000009fd00000, 0x000000009fd00000| Untracked 
| 428|0x000000009fe00000, 0x000000009fe00000, 0x000000009ff00000|  0%| F|  |TAMS 0x000000009fe00000, 0x000000009fe00000| Untracked 
| 429|0x000000009ff00000, 0x000000009ff00000, 0x00000000a0000000|  0%| F|  |TAMS 0x000000009ff00000, 0x000000009ff00000| Untracked 
| 430|0x00000000a0000000, 0x00000000a0000000, 0x00000000a0100000|  0%| F|  |TAMS 0x00000000a0000000, 0x00000000a0000000| Untracked 
| 431|0x00000000a0100000, 0x00000000a0100000, 0x00000000a0200000|  0%| F|  |TAMS 0x00000000a0100000, 0x00000000a0100000| Untracked 
| 432|0x00000000a0200000, 0x00000000a0200000, 0x00000000a0300000|  0%| F|  |TAMS 0x00000000a0200000, 0x00000000a0200000| Untracked 
| 433|0x00000000a0300000, 0x00000000a0300000, 0x00000000a0400000|  0%| F|  |TAMS 0x00000000a0300000, 0x00000000a0300000| Untracked 
| 434|0x00000000a0400000, 0x00000000a0400000, 0x00000000a0500000|  0%| F|  |TAMS 0x00000000a0400000, 0x00000000a0400000| Untracked 
| 435|0x00000000a0500000, 0x00000000a0500000, 0x00000000a0600000|  0%| F|  |TAMS 0x00000000a0500000, 0x00000000a0500000| Untracked 
| 436|0x00000000a0600000, 0x00000000a0600000, 0x00000000a0700000|  0%| F|  |TAMS 0x00000000a0600000, 0x00000000a0600000| Untracked 
| 437|0x00000000a0700000, 0x00000000a0800000, 0x00000000a0800000|100%| S|CS|TAMS 0x00000000a0700000, 0x00000000a0700000| Complete 
| 438|0x00000000a0800000, 0x00000000a0900000, 0x00000000a0900000|100%| S|CS|TAMS 0x00000000a0800000, 0x00000000a0800000| Complete 
| 439|0x00000000a0900000, 0x00000000a0a00000, 0x00000000a0a00000|100%| S|CS|TAMS 0x00000000a0900000, 0x00000000a0900000| Complete 
| 440|0x00000000a0a00000, 0x00000000a0b00000, 0x00000000a0b00000|100%| S|CS|TAMS 0x00000000a0a00000, 0x00000000a0a00000| Complete 
| 441|0x00000000a0b00000, 0x00000000a0c00000, 0x00000000a0c00000|100%| S|CS|TAMS 0x00000000a0b00000, 0x00000000a0b00000| Complete 
| 442|0x00000000a0c00000, 0x00000000a0d00000, 0x00000000a0d00000|100%| S|CS|TAMS 0x00000000a0c00000, 0x00000000a0c00000| Complete 
| 443|0x00000000a0d00000, 0x00000000a0e00000, 0x00000000a0e00000|100%| S|CS|TAMS 0x00000000a0d00000, 0x00000000a0d00000| Complete 
| 444|0x00000000a0e00000, 0x00000000a0f00000, 0x00000000a0f00000|100%| S|CS|TAMS 0x00000000a0e00000, 0x00000000a0e00000| Complete 
| 445|0x00000000a0f00000, 0x00000000a0f00000, 0x00000000a1000000|  0%| F|  |TAMS 0x00000000a0f00000, 0x00000000a0f00000| Untracked 
| 446|0x00000000a1000000, 0x00000000a1000000, 0x00000000a1100000|  0%| F|  |TAMS 0x00000000a1000000, 0x00000000a1000000| Untracked 
| 447|0x00000000a1100000, 0x00000000a1100000, 0x00000000a1200000|  0%| F|  |TAMS 0x00000000a1100000, 0x00000000a1100000| Untracked 
| 448|0x00000000a1200000, 0x00000000a1200000, 0x00000000a1300000|  0%| F|  |TAMS 0x00000000a1200000, 0x00000000a1200000| Untracked 
| 449|0x00000000a1300000, 0x00000000a1300000, 0x00000000a1400000|  0%| F|  |TAMS 0x00000000a1300000, 0x00000000a1300000| Untracked 
| 450|0x00000000a1400000, 0x00000000a1400000, 0x00000000a1500000|  0%| F|  |TAMS 0x00000000a1400000, 0x00000000a1400000| Untracked 
| 451|0x00000000a1500000, 0x00000000a1500000, 0x00000000a1600000|  0%| F|  |TAMS 0x00000000a1500000, 0x00000000a1500000| Untracked 
| 452|0x00000000a1600000, 0x00000000a1600000, 0x00000000a1700000|  0%| F|  |TAMS 0x00000000a1600000, 0x00000000a1600000| Untracked 
| 453|0x00000000a1700000, 0x00000000a1700000, 0x00000000a1800000|  0%| F|  |TAMS 0x00000000a1700000, 0x00000000a1700000| Untracked 
| 454|0x00000000a1800000, 0x00000000a1800000, 0x00000000a1900000|  0%| F|  |TAMS 0x00000000a1800000, 0x00000000a1800000| Untracked 
| 455|0x00000000a1900000, 0x00000000a1900000, 0x00000000a1a00000|  0%| F|  |TAMS 0x00000000a1900000, 0x00000000a1900000| Untracked 
| 456|0x00000000a1a00000, 0x00000000a1a00000, 0x00000000a1b00000|  0%| F|  |TAMS 0x00000000a1a00000, 0x00000000a1a00000| Untracked 
| 457|0x00000000a1b00000, 0x00000000a1b00000, 0x00000000a1c00000|  0%| F|  |TAMS 0x00000000a1b00000, 0x00000000a1b00000| Untracked 
| 458|0x00000000a1c00000, 0x00000000a1c00000, 0x00000000a1d00000|  0%| F|  |TAMS 0x00000000a1c00000, 0x00000000a1c00000| Untracked 
| 459|0x00000000a1d00000, 0x00000000a1d00000, 0x00000000a1e00000|  0%| F|  |TAMS 0x00000000a1d00000, 0x00000000a1d00000| Untracked 
| 460|0x00000000a1e00000, 0x00000000a1e00000, 0x00000000a1f00000|  0%| F|  |TAMS 0x00000000a1e00000, 0x00000000a1e00000| Untracked 
| 461|0x00000000a1f00000, 0x00000000a1f00000, 0x00000000a2000000|  0%| F|  |TAMS 0x00000000a1f00000, 0x00000000a1f00000| Untracked 
| 462|0x00000000a2000000, 0x00000000a2000000, 0x00000000a2100000|  0%| F|  |TAMS 0x00000000a2000000, 0x00000000a2000000| Untracked 
| 463|0x00000000a2100000, 0x00000000a2100000, 0x00000000a2200000|  0%| F|  |TAMS 0x00000000a2100000, 0x00000000a2100000| Untracked 
| 464|0x00000000a2200000, 0x00000000a2200000, 0x00000000a2300000|  0%| F|  |TAMS 0x00000000a2200000, 0x00000000a2200000| Untracked 
| 465|0x00000000a2300000, 0x00000000a2300000, 0x00000000a2400000|  0%| F|  |TAMS 0x00000000a2300000, 0x00000000a2300000| Untracked 
| 466|0x00000000a2400000, 0x00000000a2400000, 0x00000000a2500000|  0%| F|  |TAMS 0x00000000a2400000, 0x00000000a2400000| Untracked 
| 467|0x00000000a2500000, 0x00000000a2500000, 0x00000000a2600000|  0%| F|  |TAMS 0x00000000a2500000, 0x00000000a2500000| Untracked 
| 468|0x00000000a2600000, 0x00000000a2600000, 0x00000000a2700000|  0%| F|  |TAMS 0x00000000a2600000, 0x00000000a2600000| Untracked 
| 469|0x00000000a2700000, 0x00000000a2700000, 0x00000000a2800000|  0%| F|  |TAMS 0x00000000a2700000, 0x00000000a2700000| Untracked 
| 470|0x00000000a2800000, 0x00000000a2800000, 0x00000000a2900000|  0%| F|  |TAMS 0x00000000a2800000, 0x00000000a2800000| Untracked 
| 471|0x00000000a2900000, 0x00000000a2900000, 0x00000000a2a00000|  0%| F|  |TAMS 0x00000000a2900000, 0x00000000a2900000| Untracked 
| 472|0x00000000a2a00000, 0x00000000a2a00000, 0x00000000a2b00000|  0%| F|  |TAMS 0x00000000a2a00000, 0x00000000a2a00000| Untracked 
| 473|0x00000000a2b00000, 0x00000000a2b00000, 0x00000000a2c00000|  0%| F|  |TAMS 0x00000000a2b00000, 0x00000000a2b00000| Untracked 
| 474|0x00000000a2c00000, 0x00000000a2c00000, 0x00000000a2d00000|  0%| F|  |TAMS 0x00000000a2c00000, 0x00000000a2c00000| Untracked 
| 475|0x00000000a2d00000, 0x00000000a2d00000, 0x00000000a2e00000|  0%| F|  |TAMS 0x00000000a2d00000, 0x00000000a2d00000| Untracked 
| 476|0x00000000a2e00000, 0x00000000a2e00000, 0x00000000a2f00000|  0%| F|  |TAMS 0x00000000a2e00000, 0x00000000a2e00000| Untracked 
| 477|0x00000000a2f00000, 0x00000000a2f00000, 0x00000000a3000000|  0%| F|  |TAMS 0x00000000a2f00000, 0x00000000a2f00000| Untracked 
| 478|0x00000000a3000000, 0x00000000a3000000, 0x00000000a3100000|  0%| F|  |TAMS 0x00000000a3000000, 0x00000000a3000000| Untracked 
| 479|0x00000000a3100000, 0x00000000a3100000, 0x00000000a3200000|  0%| F|  |TAMS 0x00000000a3100000, 0x00000000a3100000| Untracked 
| 480|0x00000000a3200000, 0x00000000a3200000, 0x00000000a3300000|  0%| F|  |TAMS 0x00000000a3200000, 0x00000000a3200000| Untracked 
| 481|0x00000000a3300000, 0x00000000a3300000, 0x00000000a3400000|  0%| F|  |TAMS 0x00000000a3300000, 0x00000000a3300000| Untracked 
| 482|0x00000000a3400000, 0x00000000a3400000, 0x00000000a3500000|  0%| F|  |TAMS 0x00000000a3400000, 0x00000000a3400000| Untracked 
| 483|0x00000000a3500000, 0x00000000a3500000, 0x00000000a3600000|  0%| F|  |TAMS 0x00000000a3500000, 0x00000000a3500000| Untracked 
| 484|0x00000000a3600000, 0x00000000a3600000, 0x00000000a3700000|  0%| F|  |TAMS 0x00000000a3600000, 0x00000000a3600000| Untracked 
| 485|0x00000000a3700000, 0x00000000a3700000, 0x00000000a3800000|  0%| F|  |TAMS 0x00000000a3700000, 0x00000000a3700000| Untracked 
| 486|0x00000000a3800000, 0x00000000a3800000, 0x00000000a3900000|  0%| F|  |TAMS 0x00000000a3800000, 0x00000000a3800000| Untracked 
| 487|0x00000000a3900000, 0x00000000a3900000, 0x00000000a3a00000|  0%| F|  |TAMS 0x00000000a3900000, 0x00000000a3900000| Untracked 
| 488|0x00000000a3a00000, 0x00000000a3a00000, 0x00000000a3b00000|  0%| F|  |TAMS 0x00000000a3a00000, 0x00000000a3a00000| Untracked 
| 489|0x00000000a3b00000, 0x00000000a3b00000, 0x00000000a3c00000|  0%| F|  |TAMS 0x00000000a3b00000, 0x00000000a3b00000| Untracked 
| 490|0x00000000a3c00000, 0x00000000a3c00000, 0x00000000a3d00000|  0%| F|  |TAMS 0x00000000a3c00000, 0x00000000a3c00000| Untracked 
| 491|0x00000000a3d00000, 0x00000000a3d00000, 0x00000000a3e00000|  0%| F|  |TAMS 0x00000000a3d00000, 0x00000000a3d00000| Untracked 
| 492|0x00000000a3e00000, 0x00000000a3e00000, 0x00000000a3f00000|  0%| F|  |TAMS 0x00000000a3e00000, 0x00000000a3e00000| Untracked 
| 493|0x00000000a3f00000, 0x00000000a3f00000, 0x00000000a4000000|  0%| F|  |TAMS 0x00000000a3f00000, 0x00000000a3f00000| Untracked 
| 494|0x00000000a4000000, 0x00000000a4000000, 0x00000000a4100000|  0%| F|  |TAMS 0x00000000a4000000, 0x00000000a4000000| Untracked 
| 495|0x00000000a4100000, 0x00000000a4100000, 0x00000000a4200000|  0%| F|  |TAMS 0x00000000a4100000, 0x00000000a4100000| Untracked 
| 496|0x00000000a4200000, 0x00000000a4200000, 0x00000000a4300000|  0%| F|  |TAMS 0x00000000a4200000, 0x00000000a4200000| Untracked 
| 497|0x00000000a4300000, 0x00000000a4300000, 0x00000000a4400000|  0%| F|  |TAMS 0x00000000a4300000, 0x00000000a4300000| Untracked 
| 498|0x00000000a4400000, 0x00000000a4400000, 0x00000000a4500000|  0%| F|  |TAMS 0x00000000a4400000, 0x00000000a4400000| Untracked 
| 499|0x00000000a4500000, 0x00000000a4500000, 0x00000000a4600000|  0%| F|  |TAMS 0x00000000a4500000, 0x00000000a4500000| Untracked 
| 500|0x00000000a4600000, 0x00000000a4600000, 0x00000000a4700000|  0%| F|  |TAMS 0x00000000a4600000, 0x00000000a4600000| Untracked 
| 501|0x00000000a4700000, 0x00000000a4700000, 0x00000000a4800000|  0%| F|  |TAMS 0x00000000a4700000, 0x00000000a4700000| Untracked 

Card table byte_map: [0x00000198b1f10000,0x00000198b22f0000] _byte_map_base: 0x00000198b1ae7000

Marking Bits (Prev, Next): (CMBitMap*) 0x000001989a648c90, (CMBitMap*) 0x000001989a648cd0
 Prev Bits: [0x00000198b26d0000, 0x00000198b4588000)
 Next Bits: [0x00000198b4590000, 0x00000198b6448000)

Polling page: 0x00000198985d0000

Metaspace:

Usage:
  Non-class:     90.24 MB used.
      Class:     11.45 MB used.
       Both:    101.69 MB used.

Virtual space:
  Non-class space:       96.00 MB reserved,      90.88 MB ( 95%) committed,  12 nodes.
      Class space:        1.00 GB reserved,      12.06 MB (  1%) committed,  1 nodes.
             Both:        1.09 GB reserved,     102.94 MB (  9%) committed. 

Chunk freelists:
   Non-Class:  960.00 KB
       Class:  4.00 MB
        Both:  4.93 MB

MaxMetaspaceSize: unlimited
CompressedClassSpaceSize: 1.00 GB
Initial GC threshold: 21.00 MB
Current GC threshold: 171.38 MB
CDS: off
MetaspaceReclaimPolicy: balanced
 - commit_granule_bytes: 65536.
 - commit_granule_words: 8192.
 - virtual_space_node_default_size: 1048576.
 - enlarge_chunks_in_place: 1.
 - new_chunks_are_fully_committed: 0.
 - uncommit_free_chunks: 1.
 - use_allocation_guard: 0.
 - handle_deallocations: 1.


Internal statistics:

num_allocs_failed_limit: 9.
num_arena_births: 1460.
num_arena_deaths: 26.
num_vsnodes_births: 13.
num_vsnodes_deaths: 0.
num_space_committed: 1650.
num_space_uncommitted: 4.
num_chunks_returned_to_freelist: 81.
num_chunks_taken_from_freelist: 4502.
num_chunk_merges: 25.
num_chunk_splits: 3105.
num_chunks_enlarged: 2123.
num_purges: 4.
num_inconsistent_stats: 0.

CodeHeap 'non-profiled nmethods': size=120000Kb used=11010Kb max_used=11450Kb free=108989Kb
 bounds [0x00000198aa2d0000, 0x00000198aae00000, 0x00000198b1800000]
CodeHeap 'profiled nmethods': size=120000Kb used=23775Kb max_used=25258Kb free=96225Kb
 bounds [0x00000198a2800000, 0x00000198a40b0000, 0x00000198a9d30000]
CodeHeap 'non-nmethods': size=5760Kb used=1608Kb max_used=1681Kb free=4151Kb
 bounds [0x00000198a9d30000, 0x00000198a9fa0000, 0x00000198aa2d0000]
 total_blobs=12723 nmethods=11709 adapters=924
 compilation: enabled
              stopped_count=0, restarted_count=0
 full_count=0

Compilation events (20 events):
Event: 56.587 Thread 0x00000198b987c6c0 nmethod 15356 0x00000198aa6cab10 code [0x00000198aa6caca0, 0x00000198aa6cad58]
Event: 56.590 Thread 0x00000198b987bdc0 nmethod 15357 0x00000198aabef410 code [0x00000198aabef5a0, 0x00000198aabefb98]
Event: 56.590 Thread 0x00000198b987bdc0 15358   !   4       org.apache.xerces.parsers.XML11Configuration::setProperty (172 bytes)
Event: 56.623 Thread 0x00000198b987c6c0 15360       3       org.apache.xerces.impl.XMLDocumentFragmentScannerImpl::endEntity (110 bytes)
Event: 56.623 Thread 0x00000198b987c6c0 nmethod 15360 0x00000198a3fc6f10 code [0x00000198a3fc7100, 0x00000198a3fc7758]
Event: 56.623 Thread 0x00000198b987c6c0 15361       3       org.apache.xerces.impl.XMLScanner::endEntity (11 bytes)
Event: 56.623 Thread 0x00000198b987c6c0 nmethod 15361 0x00000198a380b010 code [0x00000198a380b1a0, 0x00000198a380b2b8]
Event: 56.650 Thread 0x00000198b987c6c0 15362       3       com.sun.org.apache.xpath.internal.axes.AxesWalker::setRoot (78 bytes)
Event: 56.651 Thread 0x00000198b987c6c0 nmethod 15362 0x00000198a2e5dd10 code [0x00000198a2e5df20, 0x00000198a2e5e668]
Event: 56.667 Thread 0x00000198b987bdc0 nmethod 15358 0x00000198aaa80e10 code [0x00000198aaa810e0, 0x00000198aaa83b50]
Event: 56.682 Thread 0x00000198b987c6c0 15363       3       com.st.microxplorer.altova.db.IP_Configs.RefConfigFileType$MemberElement_Argument$MemberElement_Argument_Iterator::hasNext (44 bytes)
Event: 56.683 Thread 0x00000198b987c6c0 nmethod 15363 0x00000198a3f97f10 code [0x00000198a3f980e0, 0x00000198a3f98478]
Event: 56.685 Thread 0x00000198b987c6c0 15364       3       com.st.microxplorer.altova.db.IP_Configs.RefConfigFileType$MemberElement_Argument$MemberElement_Argument_Iterator::next (27 bytes)
Event: 56.685 Thread 0x00000198b987c6c0 nmethod 15364 0x00000198a37bad10 code [0x00000198a37baee0, 0x00000198a37bb338]
Event: 56.694 Thread 0x00000198b987c6c0 15365       1       com.st.microxplorer.codegenerator.ProjectSettings::getSourceCodeDir (5 bytes)
Event: 56.694 Thread 0x00000198b987c6c0 nmethod 15365 0x00000198aa6ca610 code [0x00000198aa6ca7a0, 0x00000198aa6ca878]
Event: 56.698 Thread 0x00000198b987bdc0 15366       4       java.lang.StackStreamFactory$StackFrameTraverser::tryAdvance (114 bytes)
Event: 56.706 Thread 0x00000198b987c6c0 15367   !   3       org.apache.xerces.impl.XMLScanner::reset (146 bytes)
Event: 56.706 Thread 0x00000198b987c6c0 nmethod 15367 0x00000198a3e7a790 code [0x00000198a3e7aa20, 0x00000198a3e7b8a8]
Event: 56.706 Thread 0x00000198b987c6c0 15368       3       org.apache.xerces.impl.XMLScanner::init (23 bytes)

GC Heap History (20 events):
Event: 52.358 GC heap after
{Heap after GC invocations=88 (full 0):
 garbage-first heap   total 415744K, used 250312K [0x0000000085200000, 0x0000000100000000)
  region size 1024K, 9 young (9216K), 9 survivors (9216K)
 Metaspace       used 103897K, committed 105216K, reserved 1146880K
  class space    used 11690K, committed 12288K, reserved 1048576K
}
Event: 52.592 GC heap before
{Heap before GC invocations=88 (full 0):
 garbage-first heap   total 415744K, used 356808K [0x0000000085200000, 0x0000000100000000)
  region size 1024K, 113 young (115712K), 9 survivors (9216K)
 Metaspace       used 103899K, committed 105216K, reserved 1146880K
  class space    used 11690K, committed 12288K, reserved 1048576K
}
Event: 52.598 GC heap after
{Heap after GC invocations=89 (full 0):
 garbage-first heap   total 415744K, used 250787K [0x0000000085200000, 0x0000000100000000)
  region size 1024K, 7 young (7168K), 7 survivors (7168K)
 Metaspace       used 103899K, committed 105216K, reserved 1146880K
  class space    used 11690K, committed 12288K, reserved 1048576K
}
Event: 52.919 GC heap before
{Heap before GC invocations=89 (full 0):
 garbage-first heap   total 415744K, used 359331K [0x0000000085200000, 0x0000000100000000)
  region size 1024K, 113 young (115712K), 7 survivors (7168K)
 Metaspace       used 103938K, committed 105216K, reserved 1146880K
  class space    used 11690K, committed 12288K, reserved 1048576K
}
Event: 52.923 GC heap after
{Heap after GC invocations=90 (full 0):
 garbage-first heap   total 415744K, used 251528K [0x0000000085200000, 0x0000000100000000)
  region size 1024K, 8 young (8192K), 8 survivors (8192K)
 Metaspace       used 103938K, committed 105216K, reserved 1146880K
  class space    used 11690K, committed 12288K, reserved 1048576K
}
Event: 53.324 GC heap before
{Heap before GC invocations=91 (full 0):
 garbage-first heap   total 480256K, used 335496K [0x0000000085200000, 0x0000000100000000)
  region size 1024K, 115 young (117760K), 8 survivors (8192K)
 Metaspace       used 103416K, committed 104960K, reserved 1146880K
  class space    used 11649K, committed 12288K, reserved 1048576K
}
Event: 53.332 GC heap after
{Heap after GC invocations=92 (full 0):
 garbage-first heap   total 480256K, used 225966K [0x0000000085200000, 0x0000000100000000)
  region size 1024K, 8 young (8192K), 8 survivors (8192K)
 Metaspace       used 103416K, committed 104960K, reserved 1146880K
  class space    used 11649K, committed 12288K, reserved 1048576K
}
Event: 53.349 GC heap before
{Heap before GC invocations=92 (full 0):
 garbage-first heap   total 480256K, used 241326K [0x0000000085200000, 0x0000000100000000)
  region size 1024K, 23 young (23552K), 8 survivors (8192K)
 Metaspace       used 103416K, committed 104960K, reserved 1146880K
  class space    used 11649K, committed 12288K, reserved 1048576K
}
Event: 53.353 GC heap after
{Heap after GC invocations=93 (full 0):
 garbage-first heap   total 480256K, used 220317K [0x0000000085200000, 0x0000000100000000)
  region size 1024K, 3 young (3072K), 3 survivors (3072K)
 Metaspace       used 103416K, committed 104960K, reserved 1146880K
  class space    used 11649K, committed 12288K, reserved 1048576K
}
Event: 53.761 GC heap before
{Heap before GC invocations=93 (full 0):
 garbage-first heap   total 480256K, used 415901K [0x0000000085200000, 0x0000000100000000)
  region size 1024K, 194 young (198656K), 3 survivors (3072K)
 Metaspace       used 103453K, committed 104960K, reserved 1146880K
  class space    used 11649K, committed 12288K, reserved 1048576K
}
Event: 53.764 GC heap after
{Heap after GC invocations=94 (full 0):
 garbage-first heap   total 480256K, used 222398K [0x0000000085200000, 0x0000000100000000)
  region size 1024K, 5 young (5120K), 5 survivors (5120K)
 Metaspace       used 103453K, committed 104960K, reserved 1146880K
  class space    used 11649K, committed 12288K, reserved 1048576K
}
Event: 55.406 GC heap before
{Heap before GC invocations=94 (full 0):
 garbage-first heap   total 480256K, used 415934K [0x0000000085200000, 0x0000000100000000)
  region size 1024K, 194 young (198656K), 5 survivors (5120K)
 Metaspace       used 103951K, committed 105216K, reserved 1146880K
  class space    used 11700K, committed 12288K, reserved 1048576K
}
Event: 55.410 GC heap after
{Heap after GC invocations=95 (full 0):
 garbage-first heap   total 480256K, used 222041K [0x0000000085200000, 0x0000000100000000)
  region size 1024K, 4 young (4096K), 4 survivors (4096K)
 Metaspace       used 103951K, committed 105216K, reserved 1146880K
  class space    used 11700K, committed 12288K, reserved 1048576K
}
Event: 55.984 GC heap before
{Heap before GC invocations=95 (full 0):
 garbage-first heap   total 480256K, used 403289K [0x0000000085200000, 0x0000000100000000)
  region size 1024K, 176 young (180224K), 4 survivors (4096K)
 Metaspace       used 104004K, committed 105280K, reserved 1146880K
  class space    used 11706K, committed 12288K, reserved 1048576K
}
Event: 56.016 GC heap after
{Heap after GC invocations=96 (full 0):
 garbage-first heap   total 480256K, used 295935K [0x0000000085200000, 0x0000000100000000)
  region size 1024K, 25 young (25600K), 25 survivors (25600K)
 Metaspace       used 104004K, committed 105280K, reserved 1146880K
  class space    used 11706K, committed 12288K, reserved 1048576K
}
Event: 56.494 GC heap before
{Heap before GC invocations=97 (full 0):
 garbage-first heap   total 514048K, used 344063K [0x0000000085200000, 0x0000000100000000)
  region size 1024K, 94 young (96256K), 25 survivors (25600K)
 Metaspace       used 104063K, committed 105408K, reserved 1146880K
  class space    used 11712K, committed 12352K, reserved 1048576K
}
Event: 56.525 GC heap after
{Heap after GC invocations=98 (full 0):
 garbage-first heap   total 514048K, used 326559K [0x0000000085200000, 0x0000000100000000)
  region size 1024K, 12 young (12288K), 12 survivors (12288K)
 Metaspace       used 104063K, committed 105408K, reserved 1146880K
  class space    used 11712K, committed 12352K, reserved 1048576K
}
Event: 56.549 GC heap before
{Heap before GC invocations=98 (full 0):
 garbage-first heap   total 514048K, used 338847K [0x0000000085200000, 0x0000000100000000)
  region size 1024K, 25 young (25600K), 12 survivors (12288K)
 Metaspace       used 104063K, committed 105408K, reserved 1146880K
  class space    used 11712K, committed 12352K, reserved 1048576K
}
Event: 56.563 GC heap after
{Heap after GC invocations=99 (full 0):
 garbage-first heap   total 514048K, used 334848K [0x0000000085200000, 0x0000000100000000)
  region size 1024K, 4 young (4096K), 4 survivors (4096K)
 Metaspace       used 104063K, committed 105408K, reserved 1146880K
  class space    used 11712K, committed 12352K, reserved 1048576K
}
Event: 56.706 GC heap before
{Heap before GC invocations=99 (full 0):
 garbage-first heap   total 514048K, used 393216K [0x0000000085200000, 0x0000000100000000)
  region size 1024K, 57 young (58368K), 4 survivors (4096K)
 Metaspace       used 104129K, committed 105408K, reserved 1146880K
  class space    used 11723K, committed 12352K, reserved 1048576K
}

Dll operation events (20 events):
Event: 0.008 Loaded shared library C:\Program Files\STMicroelectronics\STM32Cube\STM32CubeMX\jre\bin\java.dll
Event: 0.031 Loaded shared library C:\Program Files\STMicroelectronics\STM32Cube\STM32CubeMX\jre\bin\jsvml.dll
Event: 0.082 Loaded shared library C:\Program Files\STMicroelectronics\STM32Cube\STM32CubeMX\jre\bin\net.dll
Event: 0.084 Loaded shared library C:\Program Files\STMicroelectronics\STM32Cube\STM32CubeMX\jre\bin\nio.dll
Event: 0.104 Loaded shared library C:\Program Files\STMicroelectronics\STM32Cube\STM32CubeMX\jre\bin\zip.dll
Event: 0.132 Loaded shared library C:\Program Files\STMicroelectronics\STM32Cube\STM32CubeMX\jre\bin\jimage.dll
Event: 0.296 Loaded shared library C:\Program Files\STMicroelectronics\STM32Cube\STM32CubeMX\jre\bin\management.dll
Event: 0.300 Loaded shared library C:\Program Files\STMicroelectronics\STM32Cube\STM32CubeMX\jre\bin\management_ext.dll
Event: 0.794 Loaded shared library C:\Program Files\STMicroelectronics\STM32Cube\STM32CubeMX\jre\bin\awt.dll
Event: 1.155 Loaded shared library C:\Program Files\STMicroelectronics\STM32Cube\STM32CubeMX\jre\bin\freetype.dll
Event: 1.157 Loaded shared library C:\Program Files\STMicroelectronics\STM32Cube\STM32CubeMX\jre\bin\fontmanager.dll
Event: 1.362 Loaded shared library C:\Program Files\STMicroelectronics\STM32Cube\STM32CubeMX\jre\bin\verify.dll
Event: 1.467 Loaded shared library C:\Program Files\STMicroelectronics\STM32Cube\STM32CubeMX\jre\bin\prefs.dll
Event: 4.527 Loaded shared library C:\Program Files\STMicroelectronics\STM32Cube\STM32CubeMX\jre\bin\sunmscapi.dll
Event: 6.253 Loaded shared library C:\Program Files\STMicroelectronics\STM32Cube\STM32CubeMX\jre\bin\javajpeg.dll
Event: 7.539 Loaded shared library C:\Users\oluwa\.stm32cubemx\.jxbrowser-7.30.2\Chromium\toolkit64.dll
Event: 7.778 Loaded shared library C:\Users\oluwa\.stm32cubemx\.jxbrowser-7.30.2\Chromium\ipc64.dll
Event: 12.078 Loaded shared library C:\Program Files\STMicroelectronics\STM32Cube\STM32CubeMX\jre\bin\jawt.dll
Event: 12.085 Loaded shared library C:\Users\oluwa\.stm32cubemx\.jxbrowser-7.30.2\Chromium\awt_toolkit64.dll
Event: 18.222 Loaded shared library C:\Users\oluwa\AppData\Local\Temp\sqlite-3.34.0-a2957ea6-e1d4-4dcf-9d4b-a4332ed741c8-sqlitejdbc.dll

Deoptimization events (20 events):
Event: 56.421 Thread 0x00000198be657d40 Uncommon trap: trap_request=0xffffff45 fr.pc=0x00000198aa37c020 relative=0x0000000000000680
Event: 56.421 Thread 0x00000198be657d40 Uncommon trap: reason=unstable_if action=reinterpret pc=0x00000198aa37c020 method=java.lang.String.replace(CC)Ljava/lang/String; @ 2 c2
Event: 56.421 Thread 0x00000198be657d40 DEOPT PACKING pc=0x00000198aa37c020 sp=0x00000073c3efedd0
Event: 56.421 Thread 0x00000198be657d40 DEOPT UNPACKING pc=0x00000198a9d869a3 sp=0x00000073c3efed80 mode 2
Event: 56.423 Thread 0x00000198be657d40 Uncommon trap: trap_request=0xffffff45 fr.pc=0x00000198aac14fe8 relative=0x00000000000000c8
Event: 56.423 Thread 0x00000198be657d40 Uncommon trap: reason=unstable_if action=reinterpret pc=0x00000198aac14fe8 method=freemarker.core.FMParserTokenManager.jjCheckNAdd(I)V @ 10 c2
Event: 56.423 Thread 0x00000198be657d40 DEOPT PACKING pc=0x00000198aac14fe8 sp=0x00000073c3efe130
Event: 56.423 Thread 0x00000198be657d40 DEOPT UNPACKING pc=0x00000198a9d869a3 sp=0x00000073c3efe0d8 mode 2
Event: 56.424 Thread 0x00000198be657d40 Uncommon trap: trap_request=0xffffff45 fr.pc=0x00000198aacb4854 relative=0x00000000000010d4
Event: 56.424 Thread 0x00000198be657d40 Uncommon trap: reason=unstable_if action=reinterpret pc=0x00000198aacb4854 method=freemarker.core.FMParser.PrimaryExpression()Lfreemarker/core/Expression; @ 24 c2
Event: 56.424 Thread 0x00000198be657d40 DEOPT PACKING pc=0x00000198aacb4854 sp=0x00000073c3efd720
Event: 56.424 Thread 0x00000198be657d40 DEOPT UNPACKING pc=0x00000198a9d869a3 sp=0x00000073c3efd678 mode 2
Event: 56.424 Thread 0x00000198be657d40 Uncommon trap: trap_request=0xffffff45 fr.pc=0x00000198aac28088 relative=0x0000000000000428
Event: 56.424 Thread 0x00000198be657d40 Uncommon trap: reason=unstable_if action=reinterpret pc=0x00000198aac28088 method=freemarker.core.FMParserTokenManager.jjMoveNfa_3(II)I @ 3051 c2
Event: 56.424 Thread 0x00000198be657d40 DEOPT PACKING pc=0x00000198aac28088 sp=0x00000073c3efbf90
Event: 56.424 Thread 0x00000198be657d40 DEOPT UNPACKING pc=0x00000198a9d869a3 sp=0x00000073c3efbf10 mode 2
Event: 56.424 Thread 0x00000198be657d40 Uncommon trap: trap_request=0xffffff45 fr.pc=0x00000198aa77e038 relative=0x0000000000000138
Event: 56.424 Thread 0x00000198be657d40 Uncommon trap: reason=unstable_if action=reinterpret pc=0x00000198aa77e038 method=freemarker.template.utility.StringUtil.FTLStringLiteralDec(Ljava/lang/String;)Ljava/lang/String; @ 9 c2
Event: 56.424 Thread 0x00000198be657d40 DEOPT PACKING pc=0x00000198aa77e038 sp=0x00000073c3efbfd0
Event: 56.424 Thread 0x00000198be657d40 DEOPT UNPACKING pc=0x00000198a9d869a3 sp=0x00000073c3efbf18 mode 2

Classes unloaded (20 events):
Event: 53.102 Thread 0x00000198b8e88b40 Unloading class 0x0000000100b429d8 'com/st/stm32cube/ide/common/services/mx/jar/core/mx/plugin/PlugInInstaller$PlugInRoot'
Event: 53.102 Thread 0x00000198b8e88b40 Unloading class 0x0000000100b427a0 'com/st/stm32cube/ide/common/services/mx/jar/core/mx/plugin/PlugInInstaller'
Event: 53.102 Thread 0x00000198b8e88b40 Unloading class 0x0000000100b424c8 'com/st/stm32cube/ide/common/services/mx/jar/core/mx/plugin/PlugIn'
Event: 53.102 Thread 0x00000198b8e88b40 Unloading class 0x0000000100b421f8 'com/st/stm32cube/ide/common/services/mx/jar/core/mx/plugin/PlugInAbstract'
Event: 53.102 Thread 0x00000198b8e88b40 Unloading class 0x0000000100b42000 'com/st/stm32cube/ide/common/services/mx/jar/core/mx/plugin/PlugInInterface'
Event: 53.102 Thread 0x00000198b8e88b40 Unloading class 0x0000000100b419d8 'com/st/stm32cube/ide/common/services/mx/jar/core/mx/plugin/PlugInInstaller$PlugInRoot'
Event: 53.102 Thread 0x00000198b8e88b40 Unloading class 0x0000000100b417a0 'com/st/stm32cube/ide/common/services/mx/jar/core/mx/plugin/PlugInInstaller'
Event: 53.102 Thread 0x00000198b8e88b40 Unloading class 0x0000000100b414c8 'com/st/stm32cube/ide/common/services/mx/jar/core/mx/plugin/PlugIn'
Event: 53.102 Thread 0x00000198b8e88b40 Unloading class 0x0000000100b411f8 'com/st/stm32cube/ide/common/services/mx/jar/core/mx/plugin/PlugInAbstract'
Event: 53.102 Thread 0x00000198b8e88b40 Unloading class 0x0000000100b41000 'com/st/stm32cube/ide/common/services/mx/jar/core/mx/plugin/PlugInInterface'
Event: 53.102 Thread 0x00000198b8e88b40 Unloading class 0x0000000100b409d8 'com/st/stm32cube/ide/common/services/mx/jar/core/mx/plugin/PlugInInstaller$PlugInRoot'
Event: 53.102 Thread 0x00000198b8e88b40 Unloading class 0x0000000100b407a0 'com/st/stm32cube/ide/common/services/mx/jar/core/mx/plugin/PlugInInstaller'
Event: 53.102 Thread 0x00000198b8e88b40 Unloading class 0x0000000100b404c8 'com/st/stm32cube/ide/common/services/mx/jar/core/mx/plugin/PlugIn'
Event: 53.102 Thread 0x00000198b8e88b40 Unloading class 0x0000000100b401f8 'com/st/stm32cube/ide/common/services/mx/jar/core/mx/plugin/PlugInAbstract'
Event: 53.102 Thread 0x00000198b8e88b40 Unloading class 0x0000000100b40000 'com/st/stm32cube/ide/common/services/mx/jar/core/mx/plugin/PlugInInterface'
Event: 53.102 Thread 0x00000198b8e88b40 Unloading class 0x0000000100afb7e0 'com/st/stm32cube/ide/common/services/mx/jar/core/mx/plugin/PlugInInstaller$PlugInRoot'
Event: 53.102 Thread 0x00000198b8e88b40 Unloading class 0x0000000100afb5a8 'com/st/stm32cube/ide/common/services/mx/jar/core/mx/plugin/PlugInInstaller'
Event: 53.102 Thread 0x00000198b8e88b40 Unloading class 0x0000000100afb2d0 'com/st/stm32cube/ide/common/services/mx/jar/core/mx/plugin/PlugIn'
Event: 53.102 Thread 0x00000198b8e88b40 Unloading class 0x0000000100afb000 'com/st/stm32cube/ide/common/services/mx/jar/core/mx/plugin/PlugInAbstract'
Event: 53.102 Thread 0x00000198b8e88b40 Unloading class 0x0000000100afac00 'com/st/stm32cube/ide/common/services/mx/jar/core/mx/plugin/PlugInInterface'

Classes redefined (0 events):
No events

Internal exceptions (20 events):
Event: 56.703 Thread 0x00000198be657d40 NullPointerException at vtable entry 0x00000198a9e71a57
Event: 56.703 Thread 0x00000198be657d40 Exception <a 'java/lang/NullPointerException'{0x00000000a0fb0850}> (0x00000000a0fb0850) 
thrown [s\src\hotspot\share\runtime\sharedRuntime.cpp, line 628]
Event: 56.703 Thread 0x00000198be657d40 NullPointerException at vtable entry 0x00000198a9e71a57
Event: 56.703 Thread 0x00000198be657d40 Exception <a 'java/lang/NullPointerException'{0x00000000a0fb0b28}> (0x00000000a0fb0b28) 
thrown [s\src\hotspot\share\runtime\sharedRuntime.cpp, line 628]
Event: 56.703 Thread 0x00000198be657d40 NullPointerException at vtable entry 0x00000198a9e71a57
Event: 56.703 Thread 0x00000198be657d40 Exception <a 'java/lang/NullPointerException'{0x00000000a0fb0e00}> (0x00000000a0fb0e00) 
thrown [s\src\hotspot\share\runtime\sharedRuntime.cpp, line 628]
Event: 56.703 Thread 0x00000198be657d40 NullPointerException at vtable entry 0x00000198a9e71a57
Event: 56.703 Thread 0x00000198be657d40 Exception <a 'java/lang/NullPointerException'{0x00000000a0fb10d8}> (0x00000000a0fb10d8) 
thrown [s\src\hotspot\share\runtime\sharedRuntime.cpp, line 628]
Event: 56.703 Thread 0x00000198be657d40 NullPointerException at vtable entry 0x00000198a9e71a57
Event: 56.703 Thread 0x00000198be657d40 Exception <a 'java/lang/NullPointerException'{0x00000000a0fb18b8}> (0x00000000a0fb18b8) 
thrown [s\src\hotspot\share\runtime\sharedRuntime.cpp, line 628]
Event: 56.704 Thread 0x00000198be657d40 NullPointerException at vtable entry 0x00000198a9e71a57
Event: 56.704 Thread 0x00000198be657d40 Exception <a 'java/lang/NullPointerException'{0x00000000a0fb1b90}> (0x00000000a0fb1b90) 
thrown [s\src\hotspot\share\runtime\sharedRuntime.cpp, line 628]
Event: 56.704 Thread 0x00000198be657d40 NullPointerException at vtable entry 0x00000198a9e71a57
Event: 56.704 Thread 0x00000198be657d40 Exception <a 'java/lang/NullPointerException'{0x00000000a0fb1e68}> (0x00000000a0fb1e68) 
thrown [s\src\hotspot\share\runtime\sharedRuntime.cpp, line 628]
Event: 56.704 Thread 0x00000198be657d40 NullPointerException at vtable entry 0x00000198a9e71a57
Event: 56.704 Thread 0x00000198be657d40 Exception <a 'java/lang/NullPointerException'{0x00000000a0fb2140}> (0x00000000a0fb2140) 
thrown [s\src\hotspot\share\runtime\sharedRuntime.cpp, line 628]
Event: 56.704 Thread 0x00000198be657d40 NullPointerException at vtable entry 0x00000198a9e71a57
Event: 56.704 Thread 0x00000198be657d40 Exception <a 'java/lang/NullPointerException'{0x00000000a0fb2418}> (0x00000000a0fb2418) 
thrown [s\src\hotspot\share\runtime\sharedRuntime.cpp, line 628]
Event: 56.704 Thread 0x00000198be657d40 Exception <a 'java/io/IOException'{0x00000000a0fb85d8}> (0x00000000a0fb85d8) 
thrown [s\src\hotspot\share\prims\jni.cpp, line 516]
Event: 56.704 Thread 0x00000198be657d40 Exception <a 'java/io/IOException'{0x00000000a0fb8b90}> (0x00000000a0fb8b90) 
thrown [s\src\hotspot\share\prims\jni.cpp, line 516]

VM Operations (20 events):
Event: 54.894 Executing VM operation: Cleanup done
Event: 55.205 Executing VM operation: HandshakeAllThreads
Event: 55.205 Executing VM operation: HandshakeAllThreads done
Event: 55.406 Executing VM operation: G1CollectForAllocation
Event: 55.410 Executing VM operation: G1CollectForAllocation done
Event: 55.599 Executing VM operation: HandshakeAllThreads
Event: 55.599 Executing VM operation: HandshakeAllThreads done
Event: 55.950 Executing VM operation: HandshakeAllThreads
Event: 55.950 Executing VM operation: HandshakeAllThreads done
Event: 55.984 Executing VM operation: G1TryInitiateConcMark
Event: 56.016 Executing VM operation: G1TryInitiateConcMark done
Event: 56.152 Executing VM operation: G1Concurrent
Event: 56.160 Executing VM operation: G1Concurrent done
Event: 56.235 Executing VM operation: G1Concurrent
Event: 56.235 Executing VM operation: G1Concurrent done
Event: 56.494 Executing VM operation: G1CollectForAllocation
Event: 56.525 Executing VM operation: G1CollectForAllocation done
Event: 56.549 Executing VM operation: G1CollectForAllocation
Event: 56.563 Executing VM operation: G1CollectForAllocation done
Event: 56.706 Executing VM operation: G1CollectForAllocation

Events (20 events):
Event: 55.965 Thread 0x00000198b987f7b0 flushing nmethod 0x00000198a3fccf10
Event: 55.965 Thread 0x00000198b987f7b0 flushing nmethod 0x00000198a3fcda10
Event: 55.965 Thread 0x00000198b987f7b0 flushing nmethod 0x00000198a3fce810
Event: 55.965 Thread 0x00000198b987f7b0 flushing nmethod 0x00000198a3fd1210
Event: 55.965 Thread 0x00000198b987f7b0 flushing nmethod 0x00000198a3fd3990
Event: 55.965 Thread 0x00000198b987f7b0 flushing nmethod 0x00000198a3fd4410
Event: 55.965 Thread 0x00000198b987f7b0 flushing nmethod 0x00000198a3fda290
Event: 55.965 Thread 0x00000198b987f7b0 flushing nmethod 0x00000198a3fda910
Event: 55.965 Thread 0x00000198b987f7b0 flushing nmethod 0x00000198a3fe2910
Event: 55.965 Thread 0x00000198b987f7b0 flushing nmethod 0x00000198a3fe3610
Event: 55.966 Thread 0x00000198b987f7b0 flushing nmethod 0x00000198a4043b10
Event: 55.966 Thread 0x00000198b987f7b0 flushing nmethod 0x00000198a405da10
Event: 55.967 Thread 0x00000198c0a4ac60 Thread exited: 0x00000198c0a4ac60
Event: 55.973 Thread 0x00000198c0a48e00 Thread exited: 0x00000198c0a48e00
Event: 56.225 loading class java/nio/file/StandardCopyOption
Event: 56.226 loading class java/nio/file/StandardCopyOption done
Event: 56.226 loading class sun/nio/fs/WindowsFileCopy
Event: 56.226 loading class sun/nio/fs/WindowsFileCopy done
Event: 56.441 Thread 0x00000198b9f74c20 Thread added: 0x00000198b9f74c20
Event: 56.581 Thread 0x00000198b9f74c20 Thread exited: 0x00000198b9f74c20


Dynamic libraries:
0x00007ff6c4020000 - 0x00007ff6c402e000 	C:\Program Files\STMicroelectronics\STM32Cube\STM32CubeMX\jre\bin\javaw.exe
0x00007ff876310000 - 0x00007ff876527000 	C:\windows\SYSTEM32\ntdll.dll
0x00007ff875660000 - 0x00007ff875724000 	C:\windows\System32\KERNEL32.DLL
0x00007ff873c00000 - 0x00007ff873fd0000 	C:\windows\System32\KERNELBASE.dll
0x00007ff873ab0000 - 0x00007ff873bc1000 	C:\windows\System32\ucrtbase.dll
0x00007ff847a20000 - 0x00007ff847a37000 	C:\Program Files\STMicroelectronics\STM32Cube\STM32CubeMX\jre\bin\jli.dll
0x00007ff875440000 - 0x00007ff8755ee000 	C:\windows\System32\USER32.dll
0x00007ff841d60000 - 0x00007ff841d79000 	C:\Program Files\STMicroelectronics\STM32Cube\STM32CubeMX\jre\bin\VCRUNTIME140.dll
0x00007ff873fd0000 - 0x00007ff873ff6000 	C:\windows\System32\win32u.dll
0x00007ff8757d0000 - 0x00007ff8757f9000 	C:\windows\System32\GDI32.dll
0x00007ff85f6a0000 - 0x00007ff85f932000 	C:\windows\WinSxS\amd64_microsoft.windows.common-controls_6595b64144ccf1df_6.0.22621.4830_none_270fe7d773858e80\COMCTL32.dll
0x00007ff8737f0000 - 0x00007ff87390b000 	C:\windows\System32\gdi32full.dll
0x00007ff873990000 - 0x00007ff873a2a000 	C:\windows\System32\msvcp_win.dll
0x00007ff875cf0000 - 0x00007ff875d97000 	C:\windows\System32\msvcrt.dll
0x00007ff875350000 - 0x00007ff875381000 	C:\windows\System32\IMM32.DLL
0x000000006f340000 - 0x000000006f34c000 	C:\Program Files (x86)\360\Total Security\safemon\SafeWrapper.dll
0x00007ff876070000 - 0x00007ff876121000 	C:\windows\System32\ADVAPI32.dll
0x00007ff876180000 - 0x00007ff876227000 	C:\windows\System32\sechost.dll
0x00007ff873bd0000 - 0x00007ff873bf8000 	C:\windows\System32\bcrypt.dll
0x00007ff875da0000 - 0x00007ff875eb4000 	C:\windows\System32\RPCRT4.dll
0x00007fffe9ee0000 - 0x00007fffe9f8c000 	C:\Program Files (x86)\360\Total Security\safemon\libzdtp64.dll
0x00007ff874490000 - 0x00007ff874d08000 	C:\windows\System32\SHELL32.dll
0x00007ff874000000 - 0x00007ff87405e000 	C:\windows\System32\SHLWAPI.dll
0x00007ff873130000 - 0x00007ff87313a000 	C:\windows\SYSTEM32\VERSION.dll
0x00007ff85e580000 - 0x00007ff85e58c000 	C:\Program Files\STMicroelectronics\STM32Cube\STM32CubeMX\jre\bin\vcruntime140_1.dll
0x00007ff817560000 - 0x00007ff8175f1000 	C:\Program Files\STMicroelectronics\STM32Cube\STM32CubeMX\jre\bin\msvcp140.dll
0x00007fffc73f0000 - 0x00007fffc8037000 	C:\Program Files\STMicroelectronics\STM32Cube\STM32CubeMX\jre\bin\server\jvm.dll
0x00007ff8693c0000 - 0x00007ff8693f4000 	C:\windows\SYSTEM32\WINMM.dll
0x00007ff805320000 - 0x00007ff805329000 	C:\windows\SYSTEM32\WSOCK32.dll
0x00007ff875730000 - 0x00007ff8757a1000 	C:\windows\System32\WS2_32.dll
0x00007ff872550000 - 0x00007ff872568000 	C:\windows\SYSTEM32\kernel.appcore.dll
0x00007ff85e450000 - 0x00007ff85e45a000 	C:\Program Files\STMicroelectronics\STM32Cube\STM32CubeMX\jre\bin\jimage.dll
0x00007ff870ff0000 - 0x00007ff871222000 	C:\windows\SYSTEM32\DBGHELP.DLL
0x00007ff875960000 - 0x00007ff875cf0000 	C:\windows\System32\combase.dll
0x00007ff874220000 - 0x00007ff8742f7000 	C:\windows\System32\OLEAUT32.dll
0x00007ff867910000 - 0x00007ff867942000 	C:\windows\SYSTEM32\dbgcore.DLL
0x00007ff873a30000 - 0x00007ff873aab000 	C:\windows\System32\bcryptPrimitives.dll
0x00007ff8410f0000 - 0x00007ff841115000 	C:\Program Files\STMicroelectronics\STM32Cube\STM32CubeMX\jre\bin\java.dll
0x00007fffea010000 - 0x00007fffea0e6000 	C:\Program Files\STMicroelectronics\STM32Cube\STM32CubeMX\jre\bin\jsvml.dll
0x00007ff871450000 - 0x00007ff871d60000 	C:\windows\SYSTEM32\windows.storage.dll
0x00007ff871310000 - 0x00007ff87144f000 	C:\windows\SYSTEM32\wintypes.dll
0x00007ff874110000 - 0x00007ff87421a000 	C:\windows\System32\SHCORE.dll
0x00007ff8734f0000 - 0x00007ff87351b000 	C:\windows\SYSTEM32\profapi.dll
0x00007ff8410d0000 - 0x00007ff8410e9000 	C:\Program Files\STMicroelectronics\STM32Cube\STM32CubeMX\jre\bin\net.dll
0x00007ff86ab90000 - 0x00007ff86acbc000 	C:\windows\SYSTEM32\WINHTTP.dll
0x00007ff8729c0000 - 0x00007ff872a2a000 	C:\windows\system32\mswsock.dll
0x00007ff838620000 - 0x00007ff838635000 	C:\Program Files\STMicroelectronics\STM32Cube\STM32CubeMX\jre\bin\nio.dll
0x00007ff817dd0000 - 0x00007ff817de8000 	C:\Program Files\STMicroelectronics\STM32Cube\STM32CubeMX\jre\bin\zip.dll
0x00007ff848180000 - 0x00007ff848189000 	C:\Program Files\STMicroelectronics\STM32Cube\STM32CubeMX\jre\bin\management.dll
0x00007ff847b00000 - 0x00007ff847b0b000 	C:\Program Files\STMicroelectronics\STM32Cube\STM32CubeMX\jre\bin\management_ext.dll
0x00007ff876230000 - 0x00007ff876238000 	C:\windows\System32\PSAPI.DLL
0x00007ff8054c0000 - 0x00007ff8054d7000 	C:\windows\system32\napinsp.dll
0x00007ff8054a0000 - 0x00007ff8054bb000 	C:\windows\system32\pnrpnsp.dll
0x00007ff872030000 - 0x00007ff872132000 	C:\windows\SYSTEM32\DNSAPI.dll
0x00007ff872000000 - 0x00007ff87202d000 	C:\windows\SYSTEM32\IPHLPAPI.DLL
0x00007ff874080000 - 0x00007ff874089000 	C:\windows\System32\NSI.dll
0x00007ff805480000 - 0x00007ff805491000 	C:\windows\System32\winrnr.dll
0x00007ff868d50000 - 0x00007ff868d65000 	C:\windows\system32\wshbth.dll
0x00007ff839050000 - 0x00007ff839077000 	C:\windows\system32\nlansp_c.dll
0x00007ff86a8d0000 - 0x00007ff86a8da000 	C:\Windows\System32\rasadhlp.dll
0x00007ff869640000 - 0x00007ff8696c3000 	C:\windows\System32\fwpuclnt.dll
0x00007fffd8d10000 - 0x00007fffd8e9e000 	C:\Program Files\STMicroelectronics\STM32Cube\STM32CubeMX\jre\bin\awt.dll
0x00007ff86d2d0000 - 0x00007ff86d367000 	C:\windows\SYSTEM32\apphelp.dll
0x00007ff872c60000 - 0x00007ff872c7b000 	C:\windows\SYSTEM32\CRYPTSP.dll
0x00007ff8724b0000 - 0x00007ff8724e5000 	C:\windows\system32\rsaenh.dll
0x00007ff872a60000 - 0x00007ff872a88000 	C:\windows\SYSTEM32\USERENV.dll
0x00007ff872bd0000 - 0x00007ff872bdc000 	C:\windows\SYSTEM32\CRYPTBASE.dll
0x00007ff86aa50000 - 0x00007ff86aa69000 	C:\windows\SYSTEM32\dhcpcsvc6.DLL
0x00007ff86aa30000 - 0x00007ff86aa4f000 	C:\windows\SYSTEM32\dhcpcsvc.DLL
0x00007ff870430000 - 0x00007ff8704e1000 	C:\windows\system32\uxtheme.dll
0x00007ff875800000 - 0x00007ff87595f000 	C:\windows\System32\MSCTF.dll
0x00007ff875ec0000 - 0x00007ff876061000 	C:\windows\System32\ole32.dll
0x00007ff870690000 - 0x00007ff8706bb000 	C:\windows\system32\DWMAPI.DLL
0x00007ff812dc0000 - 0x00007ff812ec0000 	C:\windows\system32\opengl32.dll
0x00007ff85eb00000 - 0x00007ff85eb2d000 	C:\windows\SYSTEM32\GLU32.dll
0x00007ff870540000 - 0x00007ff870577000 	C:\windows\SYSTEM32\dxcore.dll
0x00007ff8174d0000 - 0x00007ff817556000 	C:\Program Files\STMicroelectronics\STM32Cube\STM32CubeMX\jre\bin\freetype.dll
0x00007fffe1510000 - 0x00007fffe15d5000 	C:\Program Files\STMicroelectronics\STM32Cube\STM32CubeMX\jre\bin\fontmanager.dll
0x00007ff847ab0000 - 0x00007ff847ac0000 	C:\Program Files\STMicroelectronics\STM32Cube\STM32CubeMX\jre\bin\verify.dll
0x00007ff847a10000 - 0x00007ff847a19000 	C:\Program Files\STMicroelectronics\STM32Cube\STM32CubeMX\jre\bin\prefs.dll
0x00007ff840c10000 - 0x00007ff840c1e000 	C:\Program Files\STMicroelectronics\STM32Cube\STM32CubeMX\jre\bin\sunmscapi.dll
0x00007ff8735c0000 - 0x00007ff873726000 	C:\windows\System32\CRYPT32.dll
0x00007ff872e20000 - 0x00007ff872e4d000 	C:\windows\SYSTEM32\ncrypt.dll
0x00007ff872de0000 - 0x00007ff872e17000 	C:\windows\SYSTEM32\NTASN1.dll
0x00007ff872cb0000 - 0x00007ff872cc2000 	C:\windows\SYSTEM32\MSASN1.dll
0x00007ff872a30000 - 0x00007ff872a56000 	C:\windows\SYSTEM32\gpapi.dll
0x00007ff817da0000 - 0x00007ff817dcd000 	C:\Program Files\STMicroelectronics\STM32Cube\STM32CubeMX\jre\bin\javajpeg.dll
0x00007ff875390000 - 0x00007ff875440000 	C:\windows\System32\clbcatq.dll
0x00007ff870230000 - 0x00007ff8703e0000 	C:\windows\SYSTEM32\WindowsCodecs.dll
0x00007ff838ff0000 - 0x00007ff83904e000 	C:\windows\system32\dataexchange.dll
0x00007ff85c7a0000 - 0x00007ff85ca45000 	C:\windows\system32\twinapi.appcore.dll
0x00007ff8537a0000 - 0x00007ff8538e6000 	C:\windows\SYSTEM32\textinputframework.dll
0x00007fffd8c10000 - 0x00007fffd8d03000 	C:\Users\oluwa\.stm32cubemx\.jxbrowser-7.30.2\Chromium\toolkit64.dll
0x00007fffd7c90000 - 0x00007fffd7d88000 	C:\Users\oluwa\.stm32cubemx\.jxbrowser-7.30.2\Chromium\ipc64.dll
0x00007ff83dcf0000 - 0x00007ff83dcf7000 	C:\Program Files\STMicroelectronics\STM32Cube\STM32CubeMX\jre\bin\jawt.dll
0x00007fffd7ba0000 - 0x00007fffd7c8f000 	C:\Users\oluwa\.stm32cubemx\.jxbrowser-7.30.2\Chromium\awt_toolkit64.dll
0x00007ff86c4f0000 - 0x00007ff86c625000 	C:\windows\SYSTEM32\CoreMessaging.dll
0x00007ff85c190000 - 0x00007ff85c4fc000 	C:\windows\SYSTEM32\CoreUIComponents.dll
0x0000000067740000 - 0x0000000067818000 	C:\Users\oluwa\AppData\Local\Temp\sqlite-3.34.0-a2957ea6-e1d4-4dcf-9d4b-a4332ed741c8-sqlitejdbc.dll
0x00007ff872660000 - 0x00007ff872694000 	C:\windows\SYSTEM32\ntmarta.dll

dbghelp: loaded successfully - version: 4.0.5 - missing functions: none
symbol engine: initialized successfully - sym options: 0x614 - pdb path: .;C:\Program Files\STMicroelectronics\STM32Cube\STM32CubeMX\jre\bin;C:\windows\SYSTEM32;C:\windows\WinSxS\amd64_microsoft.windows.common-controls_6595b64144ccf1df_6.0.22621.4830_none_270fe7d773858e80;C:\Program Files (x86)\360\Total Security\safemon;C:\Program Files\STMicroelectronics\STM32Cube\STM32CubeMX\jre\bin\server;C:\Users\oluwa\.stm32cubemx\.jxbrowser-7.30.2\Chromium;C:\Users\oluwa\AppData\Local\Temp

VM Arguments:
jvm_args: -Djavax.net.ssl.trustStoreType=WINDOWS-ROOT 
java_command: com.st.microxplorer.maingui.STM32CubeMX C:\gitproj_recter\recterBoard\recterfuel2\recterAdapter_and_master_test2.ioc
java_class_path (initial): C:\Program Files\STMicroelectronics\STM32Cube\STM32CubeMX\STM32CubeMX.exe;anything
Launcher Type: SUN_STANDARD

[Global flags]
     intx CICompilerCount                          = 4                                         {product} {ergonomic}
     uint ConcGCThreads                            = 2                                         {product} {ergonomic}
     uint G1ConcRefinementThreads                  = 8                                         {product} {ergonomic}
   size_t G1HeapRegionSize                         = 1048576                                   {product} {ergonomic}
    uintx GCDrainStackTargetSize                   = 64                                        {product} {ergonomic}
   size_t InitialHeapSize                          = 130023424                                 {product} {ergonomic}
   size_t MarkStackSize                            = 4194304                                   {product} {ergonomic}
   size_t MaxHeapSize                              = 2061500416                                {product} {ergonomic}
   size_t MaxNewSize                               = 1236271104                                {product} {ergonomic}
   size_t MinHeapDeltaBytes                        = 1048576                                   {product} {ergonomic}
   size_t MinHeapSize                              = 8388608                                   {product} {ergonomic}
    uintx NonNMethodCodeHeapSize                   = 5839372                                {pd product} {ergonomic}
    uintx NonProfiledCodeHeapSize                  = 122909434                              {pd product} {ergonomic}
    uintx ProfiledCodeHeapSize                     = 122909434                              {pd product} {ergonomic}
    uintx ReservedCodeCacheSize                    = 251658240                              {pd product} {ergonomic}
     bool SegmentedCodeCache                       = true                                      {product} {ergonomic}
   size_t SoftMaxHeapSize                          = 2061500416                             {manageable} {ergonomic}
     bool UseCompressedClassPointers               = true                           {product lp64_product} {ergonomic}
     bool UseCompressedOops                        = true                           {product lp64_product} {ergonomic}
     bool UseG1GC                                  = true                                      {product} {ergonomic}
     bool UseLargePagesIndividualAllocation        = false                                  {pd product} {ergonomic}

Logging:
Log output configuration:
 #0: stdout all=warning uptime,level,tags
 #1: stderr all=off uptime,level,tags

Environment Variables:
PATH=C:\Program Files\STMicroelectronics\STM32Cube\STM32CubeMX\;C:\Program Files (x86)\Common Files\Oracle\Java\javapath;C:\windows\system32;C:\windows;C:\windows\System32\Wbem;C:\windows\System32\WindowsPowerShell\v1.0\;C:\windows\System32\OpenSSH\;C:\Users\oluwa\AppData\Roaming\nvm;C:\Program Files\nodejs;C:\ESP-IDF\esp-idf-v5.1.2\tools;C:\Users\oluwa\AppData\Local\Programs\Python\Python312\;C:\Program Files\Git\cmd;C:\Users\oluwa\AppData\Local\Programs\Python\Python312\Scripts;C:\Users\oluwa\AppData\Local\Programs\Python\Launcher\;C:\Users\oluwa\AppData\Local\Microsoft\WindowsApps;C:\Users\oluwa\AppData\Roaming\npm;C:\Users\oluwa\AppData\Local\GitHubDesktop\bin;C:\Users\oluwa\AppData\Local\Programs\Microsoft VS Code\bin;C:\msys64\ucrt64\bin;C:\Program Files\STMicroelectronics\STM32Cube\STM32CubeMX\.\jre\\bin
USERNAME=Jheebolar
OS=Windows_NT
PROCESSOR_IDENTIFIER=Intel64 Family 6 Model 154 Stepping 4, GenuineIntel
TMP=C:\Users\oluwa\AppData\Local\Temp
TEMP=C:\Users\oluwa\AppData\Local\Temp



---------------  S Y S T E M  ---------------

OS:
 Windows 11 , 64 bit Build 22621 (10.0.22621.4830)
OS uptime: 0 days 14:20 hours
Hyper-V role detected

CPU: total 8 (initial active 8) (4 cores per cpu, 2 threads per core) family 6 model 154 stepping 4 microcode 0x42c, cx8, cmov, fxsr, ht, mmx, 3dnowpref, sse, sse2, sse3, ssse3, sse4.1, sse4.2, popcnt, lzcnt, tsc, tscinvbit, avx, avx2, aes, erms, clmul, bmi1, bmi2, adx, sha, fma, vzeroupper, clflush, clflushopt, clwb, hv

Memory: 4k page, system-wide physical 7863M (1346M free)
TotalPageFile size 23153M (AvailPageFile size 124M)
current process WorkingSet (physical memory assigned to process): 779M, peak: 779M
current process commit charge ("private bytes"): 814M, peak: 1167M

vm_info: OpenJDK 64-Bit Server VM (17.0.6+10) for windows-amd64 JRE (17.0.6+10), built on Jan 18 2023 10:08:59 by "temurin" with MS VC++ 16.7 (VS2019)

END.
